Date,portfolio_pnl
2010-06-30,0.0
2010-07-01,0.0
2010-07-02,0.0
2010-07-06,0.0
2010-07-07,0.0
2010-07-08,0.0
2010-07-09,0.0
2010-07-12,0.0
2010-07-13,0.0
2010-07-14,0.0
2010-07-15,0.0
2010-07-16,0.0
2010-07-19,0.0
2010-07-20,0.0
2010-07-21,0.0
2010-07-22,0.0
2010-07-23,0.0
2010-07-26,0.0
2010-07-27,0.0
2010-07-28,0.0
2010-07-29,0.0
2010-07-30,0.0
2010-08-02,0.0
2010-08-03,0.0
2010-08-04,0.0
2010-08-05,0.0
2010-08-06,0.0
2010-08-09,0.0
2010-08-10,0.0
2010-08-11,0.0
2010-08-12,0.0
2010-08-13,0.0
2010-08-16,0.0
2010-08-17,0.0
2010-08-18,0.0
2010-08-19,0.0
2010-08-20,0.0
2010-08-23,0.0
2010-08-24,0.0
2010-08-25,0.0
2010-08-26,0.0
2010-08-27,0.0
2010-08-30,0.0
2010-08-31,0.0
2010-09-01,0.0
2010-09-02,0.0
2010-09-03,0.0
2010-09-07,0.0
2010-09-08,0.0
2010-09-09,0.0
2010-09-10,0.0
2010-09-13,0.0
2010-09-14,0.0
2010-09-15,0.0
2010-09-16,0.0
2010-09-17,0.0
2010-09-20,0.0
2010-09-21,0.0
2010-09-22,-1.0419826046129273e-48
2010-09-23,-8.9251819801401e-47
2010-09-24,1.153785991761191e-48
2010-09-27,-2.032412033582223
2010-09-28,-60.37212000271775
2010-09-29,15.809792954916494
2010-09-30,10.940952166459882
2010-10-01,0.0
2010-10-04,0.0
2010-10-05,0.0
2010-10-06,0.0
2010-10-07,-0.31415799736282146
2010-10-08,-1.007305087181141
2010-10-11,-0.09577326883554887
2010-10-12,0.0008117418010839836
2010-10-13,0.0
2010-10-14,0.0
2010-10-15,-4.9096372499127545
2010-10-18,39.550241912783335
2010-10-19,-151.84853244031814
2010-10-20,-196.65705529705343
2010-10-21,-11.453707710929033
2010-10-22,-23.154341735396184
2010-10-25,-2.597477860310126
2010-10-26,0.005729540629977942
2010-10-27,-0.002819701149096419
2010-10-28,0.00011752558887540701
2010-10-29,-0.00014004327664416844
2010-11-01,-0.00016901809527778054
2010-11-02,0.0007038129221409408
2010-11-03,-3.089156340911863e-53
2010-11-04,-0.0003559541698529028
2010-11-05,-0.016906699589398815
2010-11-08,0.005294633864290256
2010-11-09,7.091099509892337e-05
2010-11-10,-0.0003232282586189252
2010-11-11,-0.0007831747559416351
2010-11-12,0.0008252813343188946
2010-11-15,0.0
2010-11-16,0.0
2010-11-17,0.0
2010-11-18,0.0
2010-11-19,0.0
2010-11-22,0.0
2010-11-23,-2.725965589331085e-07
2010-11-24,1.3688690551237306e-05
2010-11-26,0.0
2010-11-29,0.0
2010-11-30,-1.6933725369857002e-08
2010-12-01,5.227187248730636e-07
2010-12-02,6.857003519030233e-07
2010-12-03,-3.5480382044888227e-07
2010-12-06,0.00011035644204547223
2010-12-07,0.0
2010-12-08,-3.5144666114403495e-30
2010-12-09,-6.830113995125537e-29
2010-12-10,-4.703034999030222e-29
2010-12-13,1.2589544968217146e-27
2010-12-14,-5.396854521188238e-07
2010-12-15,1.54187116045744e-05
2010-12-16,2.921656850289283e-15
2010-12-17,0.0
2010-12-20,0.0
2010-12-21,0.0
2010-12-22,0.0
2010-12-23,0.0
2010-12-27,0.0
2010-12-28,0.0
2010-12-29,0.0
2010-12-30,0.0
2010-12-31,0.0
2011-01-03,-2.8424442002804763e-09
2011-01-04,-1.1143120438892033e-07
2011-01-05,-1.3030105261599456e-09
2011-01-06,-2.293724746236518e-13
2011-01-07,1.6100448630480827e-15
2011-01-10,0.0
2011-01-11,0.0
2011-01-12,0.0
2011-01-13,0.0
2011-01-14,0.0
2011-01-18,-1.3145728788384933e-11
2011-01-19,3.6071269121428623e-10
2011-01-20,0.0
2011-01-21,0.0
2011-01-24,0.0
2011-01-25,0.0
2011-01-26,0.0
2011-01-27,-7.52474062251912e-18
2011-01-28,3.9695287980202805e-16
2011-01-31,0.0
2011-02-01,0.0
2011-02-02,-2.5914627003049627e-07
2011-02-03,1.3694587853794185e-05
2011-02-04,-4.999733414999279
2011-02-07,91.09410282399466
2011-02-08,-8.271307937440193e-10
2011-02-09,1.0911320948709017e-08
2011-02-10,-2.2011496632017347e-12
2011-02-11,6.60697145254464e-12
2011-02-14,0.0
2011-02-15,0.0
2011-02-16,0.0
2011-02-17,-8.769630096171308e-25
2011-02-18,-3.050693644921495e-13
2011-02-22,6.393692591064053e-12
2011-02-23,0.0
2011-02-24,0.0
2011-02-25,0.0
2011-02-28,0.0
2011-03-01,-3.823496936590637e-16
2011-03-02,6.059276453984869e-15
2011-03-03,0.0
2011-03-04,0.0
2011-03-07,0.0
2011-03-08,-2.6762195579330058e-20
2011-03-09,4.468536596602464e-19
2011-03-10,-4.9996672372031306
2011-03-11,-49.56980787817233
2011-03-14,24.42803782109007
2011-03-15,-4.998819679243164
2011-03-16,-151.13893645826818
2011-03-17,-54.90735484141777
2011-03-18,-8.478623782850368
2011-03-21,-29.686672105665913
2011-03-22,44.680697722383435
2011-03-23,-2.1424872050264295e-174
2011-03-24,2.303106765654487e-234
2011-03-25,0.0
2011-03-28,0.0
2011-03-29,0.0
2011-03-30,0.0
2011-03-31,-4.4618013037825755e-13
2011-04-01,-1.656408684801457e-08
2011-04-04,1.2275742992194535e-07
2011-04-05,-5.480575861151044e-18
2011-04-06,-2.815576363484719e-19
2011-04-07,-5.407936902005535e-19
2011-04-08,2.109746392556169e-18
2011-04-11,0.0
2011-04-12,0.0
2011-04-13,0.0
2011-04-14,0.0
2011-04-15,0.0
2011-04-18,0.0
2011-04-19,-1.528301669529873e-10
2011-04-20,-1.5602672996180373
2011-04-21,-37.85301949147161
2011-04-25,16.581063303741388
2011-04-26,5.3775465132272914e-05
2011-04-27,-2.398725754942514e-10
2011-04-28,-1.230581173710784e-09
2011-04-29,-0.0066168434288001845
2011-05-02,-0.000427403770214713
2011-05-03,-0.03981769394304539
2011-05-04,0.0017818376731894062
2011-05-05,0.0017592063310556425
2011-05-06,-5.667209643550082e-08
2011-05-09,-4.852839832731454e-07
2011-05-10,-3.057473817472078e-06
2011-05-11,-2.771618180905772e-06
2011-05-12,-6.462618417232582e-06
2011-05-13,-2.74126380565313e-07
2011-05-16,7.41121813592191e-08
2011-05-17,0.0
2011-05-18,0.0
2011-05-19,0.0
2011-05-20,0.0
2011-05-23,0.0
2011-05-24,0.0
2011-05-25,0.0
2011-05-26,0.0
2011-05-27,0.0
2011-05-31,0.0
2011-06-01,0.0
2011-06-02,0.0
2011-06-03,-1.4432562931561734e-40
2011-06-06,1.0287189525055248e-38
2011-06-07,0.0
2011-06-08,-0.0001704903055161803
2011-06-09,0.005617518160297648
2011-06-10,0.0
2011-06-13,0.0
2011-06-14,-2.3431191123510723e-09
2011-06-15,2.5679208251842686e-08
2011-06-16,-1.3183265785346536e-07
2011-06-17,-2.9242301816163675e-09
2011-06-20,1.450426458706163e-10
2011-06-21,0.0
2011-06-22,-9.568190278033128e-20
2011-06-23,8.88866750180245e-19
2011-06-24,2.310166252282275e-19
2011-06-27,0.0
2011-06-28,0.0
2011-06-29,0.0
2011-06-30,0.0
2011-07-01,-3.7228669881294336
2011-07-05,-38.85663408937472
2011-07-06,-6.394295925662171
2011-07-07,0.0
2011-07-08,0.0
2011-07-11,0.0
2011-07-12,0.0
2011-07-13,0.0
2011-07-14,0.0
2011-07-15,0.0
2011-07-18,-5.246989328071612e-12
2011-07-19,-2.3450273742196548e-11
2011-07-20,1.833557418837838e-11
2011-07-21,0.0
2011-07-22,0.0
2011-07-25,0.0
2011-07-26,0.0
2011-07-27,0.0
2011-07-28,0.0
2011-07-29,-7.049754582794388e-46
2011-08-01,-5.2907327531443295e-45
2011-08-02,-1.888942090969741e-47
2011-08-03,-2.472951766855781e-38
2011-08-04,-7.821183633619319e-10
2011-08-05,-2.1890541400587407e-08
2011-08-08,-1.0722227541276036e-06
2011-08-09,1.3122825340927468e-09
2011-08-10,-1.2970788850501081e-06
2011-08-11,0.00015154925160408133
2011-08-12,-9.142193414465896e-07
2011-08-15,7.210601149546352e-05
2011-08-16,0.0
2011-08-17,-3.57843732495784e-54
2011-08-18,6.689046627002788e-53
2011-08-19,-1.3414927908200768e-15
2011-08-22,-3.917238547425152e-14
2011-08-23,-6.120274078029972e-16
2011-08-24,1.3491681350727847e-23
2011-08-25,0.0
2011-08-26,0.0
2011-08-29,-4.850868231485753e-13
2011-08-30,-2.5285467415561637e-11
2011-08-31,-3.738919986146113e-12
2011-09-01,5.335482951457477e-29
2011-09-02,0.0
2011-09-06,0.0
2011-09-07,-9.980898041172371e-34
2011-09-08,-4.1982380408444217e-10
2011-09-09,9.43057870974048e-09
2011-09-12,-5.756215332049142e-52
2011-09-13,-1.3514985078681648e-50
2011-09-14,-9.184454737643485e-48
2011-09-15,9.012167997843984e-46
2011-09-16,-6.946292680867558e-79
2011-09-19,-5.052954600593111e-73
2011-09-20,-1.897708247871311e-71
2011-09-21,-1.8602069206416494e-35
2011-09-22,-8.270742254441163e-34
2011-09-23,-3.156602731086014e-10
2011-09-26,-1.382123183784575e-09
2011-09-27,4.483817459708092e-08
2011-09-28,-1.8928391104363114e-44
2011-09-29,-6.218104218803222e-43
2011-09-30,1.0719147137574456e-48
2011-10-03,-1.9935994568706686e-85
2011-10-04,-3.394141195328538e-95
2011-10-05,1.6741950469306795e-94
2011-10-06,-5.444062917249892e-06
2011-10-07,-1.4175251083860977e-05
2011-10-10,6.52324001487671e-05
2011-10-11,0.0
2011-10-12,-1.42515384604915e-167
2011-10-13,-3.4161102211213117e-140
2011-10-14,-4.6316875964011224e-138
2011-10-17,1.9129887199397632e-193
2011-10-18,-1.0715193581825636e-22
2011-10-19,-5.579060296319095e-19
2011-10-20,-9.615511719276253e-17
2011-10-21,1.1163795935151124e-15
2011-10-24,4.7606786555375964e-37
2011-10-25,1.3063754283472196e-165
2011-10-26,0.0
2011-10-27,-2.5122576848955887e-43
2011-10-28,-4.109599835037871e-23
2011-10-31,-1.2252968194522566e-21
2011-11-01,4.8139366234841814e-23
2011-11-02,-4.0645172660128295e-39
2011-11-03,-9.339036458078684e-38
2011-11-04,-1.0119446702977152e-40
2011-11-07,1.4857530439053656e-42
2011-11-08,0.0
2011-11-09,0.0
2011-11-10,0.0
2011-11-11,0.0
2011-11-14,0.0
2011-11-15,-2.9145247406923096e-10
2011-11-16,-1.0415651192316068e-08
2011-11-17,-6.083807475133679e-13
2011-11-18,0.0
2011-11-21,0.0
2011-11-22,0.0
2011-11-23,0.0
2011-11-25,0.0
2011-11-28,0.0
2011-11-29,0.0
2011-11-30,0.0
2011-12-01,0.0
2011-12-02,0.0
2011-12-05,0.0
2011-12-06,-4.960127172291947
2011-12-07,-17.68458375079127
2011-12-08,-3.9321642849815643
2011-12-09,-304.1622396748667
2011-12-12,-204.55352493122888
2011-12-13,-21.94102402105854
2011-12-14,6.0581236883696326
2011-12-15,0.0
2011-12-16,0.0
2011-12-19,0.0
2011-12-20,0.0
2011-12-21,-3.732183224199797e-09
2011-12-22,8.798751694318867e-08
2011-12-23,0.0
2011-12-27,0.0
2011-12-28,0.0
2011-12-29,0.0
2011-12-30,0.0
2012-01-03,0.0
2012-01-04,0.0
2012-01-05,0.0
2012-01-06,0.0
2012-01-09,0.0
2012-01-10,0.0
2012-01-11,0.0
2012-01-12,0.0
2012-01-13,0.0
2012-01-17,0.0
2012-01-18,-0.0106266705884025
2012-01-19,-0.0019270495609667255
2012-01-20,-0.3437074389982055
2012-01-23,7.521339692637031
2012-01-24,0.0
2012-01-25,0.0
2012-01-26,0.0
2012-01-27,0.0
2012-01-30,0.0
2012-01-31,-2.0854278056067123e-06
2012-02-01,1.0149214024361619e-05
2012-02-02,-4.998131481859254
2012-02-03,-150.70077784108094
2012-02-06,70.20826918428402
2012-02-07,0.0
2012-02-08,0.0
2012-02-09,0.0
2012-02-10,0.0
2012-02-13,0.0
2012-02-14,0.0
2012-02-15,-7.120835408151061e-13
2012-02-16,1.0601151975091091e-11
2012-02-17,4.709832777380657e-96
2012-02-21,0.0
2012-02-22,0.0
2012-02-23,0.0
2012-02-24,-4.987548568331973
2012-02-27,222.75044982615594
2012-02-28,0.0
2012-02-29,0.0
2012-03-01,0.0
2012-03-02,-2.7648172578294015e-20
2012-03-05,-3.8142504803003566e-17
2012-03-06,-1.022263863302124e-15
2012-03-07,-5.801876301102487e-15
2012-03-08,-3.986267067008516e-12
2012-03-09,9.645215184174612e-11
2012-03-12,0.0
2012-03-13,0.0
2012-03-14,-6.935041263086176e-68
2012-03-15,-3.634217893808629e-66
2012-03-16,1.1313522544720142e-72
2012-03-19,0.0
2012-03-20,0.0
2012-03-21,0.0
2012-03-22,-4.999895897809971
2012-03-23,-449.66179707655454
2012-03-26,78.93613984337013
2012-03-27,-4.999688423517447
2012-03-28,175.26801670246502
2012-03-29,-0.4439285701601897
2012-03-30,-0.37684401192630435
2012-04-02,-0.0558634527250106
2012-04-03,0.019700437427826168
2012-04-04,0.0
2012-04-05,-1.8006081972307554e-08
2012-04-09,3.8326985067592674e-07
2012-04-10,-1.2328010640242495e-08
2012-04-11,-4.653894184426386e-07
2012-04-12,9.08231576362459e-06
2012-04-13,0.0
2012-04-16,0.0
2012-04-17,0.0
2012-04-18,-4.991940704674443
2012-04-19,-148.95007893047512
2012-04-20,20.037532262826737
2012-04-23,51.489878924983074
2012-04-24,0.0
2012-04-25,0.0
2012-04-26,0.0
2012-04-27,-2.019044960703249e-06
2012-04-30,6.280158992558693e-06
2012-05-01,-4.953304246989279e-08
2012-05-02,-4.99792065603271
2012-05-03,201.61403081289527
2012-05-04,0.0
2012-05-07,0.0
2012-05-08,0.0
2012-05-09,-3.014807801854e-09
2012-05-10,1.9549762043732024e-07
2012-05-11,0.0
2012-05-14,-1.2348786696392895e-08
2012-05-15,-1.8603298144393073e-07
2012-05-16,-2.746452382836827e-08
2012-05-17,-6.646949401344505e-10
2012-05-18,-2.86893716175105e-12
2012-05-21,3.6600791239567556e-13
2012-05-22,0.0
2012-05-23,0.0
2012-05-24,0.0
2012-05-25,0.0
2012-05-29,0.0
2012-05-30,-6.04809085848379e-14
2012-05-31,-3.962301110515219e-12
2012-06-01,-1.39476572186545e-10
2012-06-04,1.0746324368874537e-09
2012-06-05,-4.999819674426727
2012-06-06,698.9294166114684
2012-06-07,-4.998775068310363
2012-06-08,40.808667671609136
2012-06-11,50.95829142008552
2012-06-12,0.0
2012-06-13,0.0
2012-06-14,0.0
2012-06-15,0.0
2012-06-18,-1.5109882919272637e-19
2012-06-19,-1.941770626694287e-17
2012-06-20,4.661819347518275e-16
2012-06-21,-2.8618575255053762e-15
2012-06-22,-7.79631449592648e-14
2012-06-25,-7.773782975490318e-14
2012-06-26,1.146413682738705e-13
2012-06-27,0.0
2012-06-28,0.0
2012-06-29,-0.135758515401944
2012-07-02,1.187697176649161
2012-07-03,0.0
2012-07-05,0.0
2012-07-06,0.0
2012-07-09,0.0
2012-07-10,0.0
2012-07-11,0.0
2012-07-12,0.0
2012-07-13,0.0
2012-07-16,0.0
2012-07-17,-4.999781568413596
2012-07-18,-9.308952985083499
2012-07-19,-173.04284497995116
2012-07-20,34.76924028141575
2012-07-23,0.0
2012-07-24,0.0
2012-07-25,-1.880935088546354e-08
2012-07-26,7.22610537586403e-07
2012-07-27,3.6309808246431523e-09
2012-07-30,-9.484586795155714e-11
2012-07-31,3.6619867229852813e-10
2012-08-01,0.0
2012-08-02,-1.1042768894111083e-15
2012-08-03,-3.517968719872413e-17
2012-08-06,-1.3020893613558936e-13
2012-08-07,-4.9998116657480205
2012-08-08,238.51412044960972
2012-08-09,-2.6399610049568337e-65
2012-08-10,5.461107475030891e-68
2012-08-13,0.0
2012-08-14,-3.668330666610657e-29
2012-08-15,4.587394881556837e-28
2012-08-16,-4.996781191837049e-27
2012-08-17,2.827394844825181e-28
2012-08-20,4.592881839738248e-28
2012-08-21,0.0
2012-08-22,0.0
2012-08-23,0.0
2012-08-24,-4.999783174725331
2012-08-27,40.82703494222761
2012-08-28,0.0
2012-08-29,0.0
2012-08-30,0.0
2012-08-31,-4.99987502036443
2012-09-04,182.34652054093667
2012-09-05,0.0
2012-09-06,-4.999770738449392
2012-09-07,-108.90844633909222
2012-09-10,-39.691119766931536
2012-09-11,16.674820181749173
2012-09-12,-1.2674480760255564e-08
2012-09-13,-4.610528601277003e-07
2012-09-14,4.091736665640942e-09
2012-09-17,-4.99978636956063
2012-09-18,-150.22660072007858
2012-09-19,-104.0230823876957
2012-09-20,8.7479328066001
2012-09-21,19.43689025685258
2012-09-24,0.0
2012-09-25,0.0
2012-09-26,0.0
2012-09-27,0.0
2012-09-28,0.0
2012-10-01,0.0
2012-10-02,0.0
2012-10-03,0.0
2012-10-04,0.0
2012-10-05,-5.305823567565963e-13
2012-10-08,-3.992726595069857e-11
2012-10-09,-1.0922268113588618e-09
2012-10-10,4.582245286372668e-13
2012-10-11,0.0
2012-10-12,0.0
2012-10-15,-4.999887412017204
2012-10-16,173.76238168648766
2012-10-17,-9.915521663290281
2012-10-18,-386.8834966410162
2012-10-19,19.522482742726382
2012-10-22,32.41239310116598
2012-10-23,0.0
2012-10-24,0.0
2012-10-25,0.0
2012-10-26,0.0
2012-10-31,0.0
2012-11-01,-3.0237589968910985e-12
2012-11-02,-4.999732106497002
2012-11-05,176.7412054899302
2012-11-06,0.0
2012-11-07,-4.999780382766667
2012-11-08,-131.29050836917276
2012-11-09,457.73668202040164
2012-11-12,-14.991377570564643
2012-11-13,0.0
2012-11-14,0.0
2012-11-15,0.0
2012-11-16,0.0
2012-11-19,0.0
2012-11-20,0.0
2012-11-21,0.0
2012-11-23,0.0
2012-11-26,0.0
2012-11-27,0.0
2012-11-28,0.0
2012-11-29,0.0
2012-11-30,0.0
2012-12-03,0.0
2012-12-04,0.0
2012-12-05,-1.1677875033378331e-05
2012-12-06,-6.684797982153308e-05
2012-12-07,0.0
2012-12-10,0.0
2012-12-11,0.0
2012-12-12,-5.509329140259362e-14
2012-12-13,-2.6569000765910013e-12
2012-12-14,7.376989876617328e-15
2012-12-17,0.0
2012-12-18,0.0
2012-12-19,-4.855783359442391
2012-12-20,154.27878349727757
2012-12-21,-3.62749082485187e-05
2012-12-24,7.081324663003164e-06
2012-12-26,0.0
2012-12-27,0.0
2012-12-28,0.0
2012-12-31,0.0
2013-01-02,-7.294262558198926e-09
2013-01-03,-4.999981526493036
2013-01-04,-86.27107429803904
2013-01-07,-70.65301244794878
2013-01-08,41.64025942661568
2013-01-09,0.0
2013-01-10,0.0
2013-01-11,0.0
2013-01-14,0.0
2013-01-15,0.0
2013-01-16,0.0
2013-01-17,0.0
2013-01-18,0.0
2013-01-22,0.0
2013-01-23,0.0
2013-01-24,-0.00024522619511624307
2013-01-25,-0.0006578914258211683
2013-01-28,-8.020089549077813e-05
2013-01-29,0.000212680187476001
2013-01-30,0.0
2013-01-31,0.0
2013-02-01,0.0
2013-02-04,-4.9996603235620105
2013-02-05,63.12740424148484
2013-02-06,0.0
2013-02-07,-2.5927712843531704e-06
2013-02-08,-9.999767226889722
2013-02-11,-115.50271141910984
2013-02-12,85.91768605395389
2013-02-13,-1.8419082690841572e-07
2013-02-14,-2.3596270521955697e-07
2013-02-15,5.85283099954879e-10
2013-02-19,-0.4972277034022764
2013-02-20,8.207364075009059
2013-02-21,-5.09409275002865e-17
2013-02-22,-1.2969710234077394e-14
2013-02-25,-1.422351891102096e-08
2013-02-26,-4.999727336264758
2013-02-27,-26.61147652768323
2013-02-28,13.158002788028831
2013-03-01,66.31551778382143
2013-03-04,0.0
2013-03-05,0.0
2013-03-06,-4.999773971046556
2013-03-07,-17.282505127842295
2013-03-08,173.5159870693757
2013-03-11,0.0
2013-03-12,0.0
2013-03-13,0.0
2013-03-14,0.0
2013-03-15,0.0
2013-03-18,0.0
2013-03-19,0.0
2013-03-20,0.0
2013-03-21,0.0
2013-03-22,-1.1878520981675484e-13
2013-03-25,1.107577902355873e-12
2013-03-26,-2.869984817922538e-07
2013-03-27,6.454316603214633e-06
2013-03-28,0.0
2013-04-01,0.0
2013-04-02,0.0
2013-04-03,0.0
2013-04-04,-4.995535304004283
2013-04-05,-19.349920275357242
2013-04-08,56.15712873869946
2013-04-09,0.0
2013-04-10,-0.000991552477108
2013-04-11,0.026022523213590935
2013-04-12,0.0
2013-04-15,0.0
2013-04-16,0.0
2013-04-17,-4.99947431036472
2013-04-18,112.86390453228331
2013-04-19,-4.034967839778401e-06
2013-04-22,9.945543937944329e-06
2013-04-23,-7.220562506071887e-07
2013-04-24,-3.008528929150322
2013-04-25,249.11857538810733
2013-04-26,0.0
2013-04-29,0.0
2013-04-30,0.0
2013-05-01,-4.998781135139749
2013-05-02,30.2766669358761
2013-05-03,0.0
2013-05-06,0.0
2013-05-07,0.0
2013-05-08,0.0
2013-05-09,0.0
2013-05-10,-9.090561463211146e-08
2013-05-13,3.497018652069238e-06
2013-05-14,0.0
2013-05-15,0.0
2013-05-16,0.0
2013-05-17,0.0
2013-05-20,0.0
2013-05-21,0.0
2013-05-22,0.0
2013-05-23,0.0
2013-05-24,0.0
2013-05-28,0.0
2013-05-29,0.0
2013-05-30,0.0
2013-05-31,0.0
2013-06-03,0.0
2013-06-04,0.0
2013-06-05,-4.997963288448891e-14
2013-06-06,-2.741967541445995e-12
2013-06-07,2.2680874127852898e-20
2013-06-10,3.5293836157567196e-26
2013-06-11,0.0
2013-06-12,0.0
2013-06-13,0.0
2013-06-14,0.0
2013-06-17,0.0
2013-06-18,0.0
2013-06-19,0.0
2013-06-20,-1.018794372026028e-06
2013-06-21,-8.043584678429347e-05
2013-06-24,-0.0011960676608908356
2013-06-25,-0.0016407205599183444
2013-06-26,0.016324838394045468
2013-06-27,0.0
2013-06-28,-0.00018708325120078264
2013-07-01,0.004062500074660538
2013-07-02,1.3905201530050287e-05
2013-07-03,0.0
2013-07-05,0.0
2013-07-08,0.0
2013-07-09,0.0
2013-07-10,-2.972739940331619
2013-07-11,105.67967497474848
2013-07-12,-8.370701799549512e-10
2013-07-15,-0.0033986574203753645
2013-07-16,-0.056871427616325534
2013-07-17,-8.694700639086224e-05
2013-07-18,-1.317188767503406e-05
2013-07-19,0.00020272869822685717
2013-07-22,0.0
2013-07-23,0.0
2013-07-24,0.0
2013-07-25,0.0
2013-07-26,-4.581465015704536
2013-07-29,-287.3725034352265
2013-07-30,47.85959441971225
2013-07-31,0.0
2013-08-01,0.0
2013-08-02,-0.004965855830656001
2013-08-05,0.31464004051231786
2013-08-06,0.0
2013-08-07,0.0
2013-08-08,0.0
2013-08-09,0.0
2013-08-12,0.0
2013-08-13,0.0
2013-08-14,0.0
2013-08-15,0.0
2013-08-16,0.0
2013-08-19,0.0
2013-08-20,0.0
2013-08-21,0.0
2013-08-22,0.0
2013-08-23,0.0
2013-08-26,0.0
2013-08-27,0.0
2013-08-28,0.0
2013-08-29,0.0
2013-08-30,0.0
2013-09-03,0.0
2013-09-04,-5.542039880458147
2013-09-05,-50.361915565530865
2013-09-06,24.75374900718233
2013-09-09,0.0
2013-09-10,0.0
2013-09-11,0.0
2013-09-12,0.0
2013-09-13,0.0
2013-09-16,0.0
2013-09-17,-4.988690403518772
2013-09-18,-203.2079170910659
2013-09-19,-226.11945346415197
2013-09-20,93.12638001213233
2013-09-23,0.0
2013-09-24,0.0
2013-09-25,-0.0069671588430220005
2013-09-26,-0.325510905890138
2013-09-27,0.048305608826915196
2013-09-30,0.0
2013-10-01,0.0
2013-10-02,0.0
2013-10-03,0.0
2013-10-04,0.0
2013-10-07,0.0
2013-10-08,0.0
2013-10-09,-0.00024503150460035433
2013-10-10,0.00044102704313198635
2013-10-11,0.0029400833849223874
2013-10-14,0.0
2013-10-15,0.0
2013-10-16,0.0
2013-10-17,-4.9996835916027935
2013-10-18,-39.4251287852867
2013-10-21,-3.517667347700312
2013-10-22,161.3886348064148
2013-10-23,0.0
2013-10-24,-4.998360422284355
2013-10-25,-4.385560576149564
2013-10-28,26.416353462242142
2013-10-29,0.0
2013-10-30,0.0
2013-10-31,0.0
2013-11-01,0.0
2013-11-04,0.0
2013-11-05,0.0
2013-11-06,-4.999810331897136
2013-11-07,-165.29775185886407
2013-11-08,15.72380231740308
2013-11-11,0.0
2013-11-12,0.0
2013-11-13,0.0
2013-11-14,0.0
2013-11-15,0.0
2013-11-18,0.0
2013-11-19,0.0
2013-11-20,0.0
2013-11-21,0.0
2013-11-22,0.0
2013-11-25,0.0
2013-11-26,0.0
2013-11-27,-4.999861948395406
2013-11-29,-145.34167061269443
2013-12-02,-91.99186020421024
2013-12-03,0.0
2013-12-04,0.0
2013-12-05,0.0
2013-12-06,0.0
2013-12-09,0.0
2013-12-10,0.0
2013-12-11,0.0
2013-12-12,0.0
2013-12-13,0.0
2013-12-16,0.0
2013-12-17,0.0
2013-12-18,-4.999960342886807
2013-12-19,44.031910365960535
2013-12-20,0.0
2013-12-23,0.0
2013-12-24,0.0
2013-12-26,0.0
2013-12-27,0.0
2013-12-30,0.0
2013-12-31,0.0
2014-01-02,0.0
2014-01-03,0.0
2014-01-06,0.0
2014-01-07,-4.999873983111758
2014-01-08,-102.58090651545645
2014-01-09,-38.183606766533394
2014-01-10,71.57277936377392
2014-01-13,0.0
2014-01-14,-4.998148727371521
2014-01-15,-48.24781001556459
2014-01-16,-385.4172061657399
2014-01-17,0.0
2014-01-21,0.0
2014-01-22,0.0
2014-01-23,-4.99992921572894
2014-01-24,-74.66632828627148
2014-01-27,45.260433405719205
2014-01-28,-140.53198838560706
2014-01-29,-59.662537802288654
2014-01-30,-298.1650043113619
2014-01-31,-5.909154268736844
2014-02-03,164.90688724456658
2014-02-04,-137.27039095567915
2014-02-05,-101.59688152486358
2014-02-06,-87.14424202487385
2014-02-07,-11.248534052106827
2014-02-10,-54.7304233088833
2014-02-11,0.0
2014-02-12,0.0
2014-02-13,0.0
2014-02-14,0.0
2014-02-18,-2.554946786051647
2014-02-19,-17.713103488856923
2014-02-20,-4.650597244046235e-18
2014-02-21,-7.17371911816385e-17
2014-02-24,-4.138854471397215e-18
2014-02-25,2.6004754007592956e-17
2014-02-26,0.0
2014-02-27,0.0
2014-02-28,0.0
2014-03-03,-1.3549430371114156e-06
2014-03-04,-3.218688454217293
2014-03-05,8.855051333450808
2014-03-06,50.47758844645145
2014-03-07,0.0
2014-03-10,0.0
2014-03-11,0.0
2014-03-12,0.0
2014-03-13,0.0
2014-03-14,0.0
2014-03-17,0.0
2014-03-18,0.0
2014-03-19,0.0
2014-03-20,0.0
2014-03-21,0.0
2014-03-24,-4.999870463402642
2014-03-25,-437.18979773511523
2014-03-26,-392.758381244793
2014-03-27,0.0
2014-03-28,0.0
2014-03-31,0.0
2014-04-01,0.0
2014-04-02,0.0
2014-04-03,0.0
2014-04-04,-4.999511486385986
2014-04-07,99.61451402944584
2014-04-08,2.009699344962726e-10
2014-04-09,0.0
2014-04-10,0.0
2014-04-11,-6.190588887323552e-18
2014-04-14,-1.520550982521805e-16
2014-04-15,-0.44604224168999895
2014-04-16,-19.737712560786917
2014-04-17,0.044966435998926434
2014-04-21,-0.00016111870137484652
2014-04-22,-1.2388552450680175e-05
2014-04-23,8.145617418788685e-06
2014-04-24,0.0
2014-04-25,0.0
2014-04-28,0.0
2014-04-29,-4.999998261974117
2014-04-30,-100.24201512856283
2014-05-01,53.15366351589462
2014-05-02,-69.94827720531192
2014-05-05,38.021509598935964
2014-05-06,-90.3098868324405
2014-05-07,0.0
2014-05-08,0.0
2014-05-09,0.0
2014-05-12,0.0
2014-05-13,0.0
2014-05-14,0.0
2014-05-15,-4.999968580876648
2014-05-16,7.832323751131536
2014-05-19,4.5437920957788105
2014-05-20,-18.98291315742932
2014-05-21,26.427312437247984
2014-05-22,0.0
2014-05-23,0.0
2014-05-27,0.0
2014-05-28,-4.999862957943132
2014-05-29,-389.60192419953273
2014-05-30,-61.22272776322527
2014-06-02,215.47509476622795
2014-06-03,-4.855555837934165
2014-06-04,-9.07489045699068
2014-06-05,-4.999988914499691
2014-06-06,103.63535126499677
2014-06-09,0.0
2014-06-10,0.0
2014-06-11,0.0
2014-06-12,-4.999312356454152
2014-06-13,75.46080289756875
2014-06-16,0.0
2014-06-17,-9.99967229983364
2014-06-18,278.4038718551218
2014-06-19,0.0
2014-06-20,0.0
2014-06-23,0.0
2014-06-24,0.0
2014-06-25,0.0
2014-06-26,0.0
2014-06-27,0.0
2014-06-30,-4.91833798661628
2014-07-01,6.387147626078987
2014-07-02,106.10766535866489
2014-07-03,0.0
2014-07-07,0.0
2014-07-08,0.0
2014-07-09,0.0
2014-07-10,0.0
2014-07-11,0.0
2014-07-14,0.0
2014-07-15,0.0
2014-07-16,0.0
2014-07-17,-4.999901573414898
2014-07-18,86.98151127686268
2014-07-21,0.0
2014-07-22,0.0
2014-07-23,-4.99994967812966
2014-07-24,-121.3576051526833
2014-07-25,-2.651896883464922
2014-07-28,132.79886940996914
2014-07-29,0.0
2014-07-30,0.0
2014-07-31,0.0
2014-08-01,0.0
2014-08-04,-2.207893619590605e-06
2014-08-05,-1.945405410474245e-05
2014-08-06,0.0
2014-08-07,0.0
2014-08-08,0.0
2014-08-11,0.0
2014-08-12,0.0
2014-08-13,0.0
2014-08-14,0.0
2014-08-15,-0.0003731089736501616
2014-08-18,-0.02510085643036072
2014-08-19,-0.5968622127575696
2014-08-20,1.287618633398798
2014-08-21,0.0
2014-08-22,0.0
2014-08-25,0.0
2014-08-26,0.0
2014-08-27,0.0
2014-08-28,0.0
2014-08-29,0.0
2014-09-02,0.0
2014-09-03,0.0
2014-09-04,0.0
2014-09-05,0.0
2014-09-08,0.0
2014-09-09,0.0
2014-09-10,0.0
2014-09-11,0.0
2014-09-12,0.0
2014-09-15,0.0
2014-09-16,0.0
2014-09-17,-4.999739888825674
2014-09-18,-195.1035071968069
2014-09-19,-41.034634274775236
2014-09-22,-42.86308260247396
2014-09-23,-27.757990333830673
2014-09-24,0.0
2014-09-25,0.0
2014-09-26,0.0
2014-09-29,0.0
2014-09-30,0.0
2014-10-01,0.0
2014-10-02,-1.7357662013965293e-18
2014-10-03,-1.4156149434023034e-17
2014-10-06,4.750768598626782e-19
2014-10-07,-4.999826011452133
2014-10-08,-133.08982652274338
2014-10-09,-158.04816010896457
2014-10-10,-193.21733893429823
2014-10-13,-224.00006972873413
2014-10-14,-28.98984927211724
2014-10-15,178.89763722843978
2014-10-16,-38.11624741488983
2014-10-17,-145.7460729756616
2014-10-20,-88.50459516200515
2014-10-21,-99.29330757769071
2014-10-22,23.977970958377853
2014-10-23,-73.42344832038197
2014-10-24,-57.54885407886518
2014-10-27,-8.139755131901087
2014-10-28,-68.05291015209224
2014-10-29,-41.30249535590422
2014-10-30,162.71985233795328
2014-10-31,-9.999953272328575
2014-11-03,-101.46534450059639
2014-11-04,57.00050042661954
2014-11-05,0.0
2014-11-06,-4.97840603516463
2014-11-07,-37.74092935983257
2014-11-10,66.06918742375218
2014-11-11,-4.999905600798057
2014-11-12,203.07575531280304
2014-11-13,0.0
2014-11-14,0.0
2014-11-17,0.0
2014-11-18,0.0
2014-11-19,0.0
2014-11-20,0.0
2014-11-21,0.0
2014-11-24,0.0
2014-11-25,0.0
2014-11-26,0.0
2014-11-28,0.0
2014-12-01,0.0
2014-12-02,0.0
2014-12-03,0.0
2014-12-04,0.0
2014-12-05,0.0
2014-12-08,0.0
2014-12-09,0.0
2014-12-10,0.0
2014-12-11,-4.995414978942202
2014-12-12,-54.84394231360537
2014-12-15,-32.95490704987111
2014-12-16,612.4469414197778
2014-12-17,-4.99990133404061
2014-12-18,79.89282236485414
2014-12-19,-9.28342963127394
2014-12-22,-170.67926610591462
2014-12-23,200.94701640211105
2014-12-24,0.0
2014-12-26,0.0
2014-12-29,0.0
2014-12-30,0.0
2014-12-31,0.0
2015-01-02,0.0
2015-01-05,0.0
2015-01-06,0.0
2015-01-07,0.0
2015-01-08,0.0
2015-01-09,0.0
2015-01-12,0.0
2015-01-13,0.0
2015-01-14,0.0
2015-01-15,0.0
2015-01-16,0.0
2015-01-20,0.0
2015-01-21,0.0
2015-01-22,0.0
2015-01-23,-4.999829690249728
2015-01-26,105.8598036935764
2015-01-27,-4.999990652804268
2015-01-28,89.53017640101935
2015-01-29,0.0
2015-01-30,-4.999875723531826
2015-02-02,-225.2309073002784
2015-02-03,-93.20566815660439
2015-02-04,52.93683155845831
2015-02-05,20.00079330720934
2015-02-06,-254.4411652671179
2015-02-09,108.1109180430527
2015-02-10,0.0
2015-02-11,-4.999928779314105
2015-02-12,-48.222155219563504
2015-02-13,188.6722719090911
2015-02-17,-15.845811681822578
2015-02-18,52.934435157390034
2015-02-19,0.0
2015-02-20,0.0
2015-02-23,0.0
2015-02-24,0.0
2015-02-25,-4.999982953788231
2015-02-26,-148.82700744091576
2015-02-27,49.74416570466202
2015-03-02,5.3476219352959955
2015-03-03,0.0
2015-03-04,-4.99997501501515
2015-03-05,29.072835154663633
2015-03-06,-4.999508865315344
2015-03-09,174.06600168094707
2015-03-10,0.0
2015-03-11,0.0
2015-03-12,0.0
2015-03-13,-4.999499470530168
2015-03-16,110.24352957624171
2015-03-17,-4.9967442710506615
2015-03-18,-15.562164999649559
2015-03-19,42.14200354711293
2015-03-20,113.09367229749466
2015-03-23,0.0
2015-03-24,0.0
2015-03-25,0.0
2015-03-26,0.0
2015-03-27,0.0
2015-03-30,-4.999944819350997
2015-03-31,-153.85936321310172
2015-04-01,-8.83737453049003
2015-04-02,-865.5295010343874
2015-04-06,0.0
2015-04-07,0.0
2015-04-08,0.0
2015-04-09,0.0
2015-04-10,0.0
2015-04-13,0.0
2015-04-14,0.0
2015-04-15,-4.999999077481419
2015-04-16,83.4446450870075
2015-04-17,0.0
2015-04-20,0.0
2015-04-21,0.0
2015-04-22,0.0
2015-04-23,0.0
2015-04-24,0.0
2015-04-27,0.0
2015-04-28,0.0
2015-04-29,0.0
2015-04-30,-4.999982003187698
2015-05-01,91.1675119137916
2015-05-04,0.0
2015-05-05,0.0
2015-05-06,0.0
2015-05-07,0.0
2015-05-08,0.0
2015-05-11,-4.998894522058516
2015-05-12,59.34446842735094
2015-05-13,0.0
2015-05-14,0.0
2015-05-15,0.0
2015-05-18,0.0
2015-05-19,0.0
2015-05-20,0.0
2015-05-21,0.0
2015-05-22,0.0
2015-05-26,0.0
2015-05-27,0.0
2015-05-28,0.0
2015-05-29,0.0
2015-06-01,0.0
2015-06-02,-4.999959941393572
2015-06-03,-217.3484988572081
2015-06-04,12.939752466307082
2015-06-05,-119.87132041010601
2015-06-08,-10.687094649314258
2015-06-09,-152.94961223954775
2015-06-10,-235.26365109153377
2015-06-11,-192.26770160263567
2015-06-12,-8.311941718865388
2015-06-15,-35.23126689338418
2015-06-16,-70.58305963071756
2015-06-17,0.0
2015-06-18,0.0
2015-06-19,-4.999977291338656
2015-06-22,-302.1240185412225
2015-06-23,-8.529613649756802
2015-06-24,23.215697343294273
2015-06-25,0.0
2015-06-26,0.0
2015-06-29,0.0
2015-06-30,0.0
2015-07-01,0.0
2015-07-02,0.0
2015-07-06,0.0
2015-07-07,-4.999729478264943
2015-07-08,-191.5253311937272
2015-07-09,-28.30492529894456
2015-07-10,2.635031772480943
2015-07-13,64.60294361897596
2015-07-14,-148.8618245548794
2015-07-15,-18.973598064991037
2015-07-16,77.75289181368694
2015-07-17,-33.3958397395337
2015-07-20,-11.519500201026508
2015-07-21,347.0694963935282
2015-07-22,0.0
2015-07-23,0.0
2015-07-24,-9.821882824482099
2015-07-27,6.413928131610902
2015-07-28,113.59751120230055
2015-07-29,51.43696798939089
2015-07-30,0.0
2015-07-31,-4.999103416727013
2015-08-03,-76.89116707864879
2015-08-04,-68.26905015363445
2015-08-05,-146.43522123981137
2015-08-06,478.83941516911295
2015-08-07,0.0
2015-08-10,0.0
2015-08-11,0.0
2015-08-12,0.0
2015-08-13,-9.999912741626705
2015-08-14,62.46654225598889
2015-08-17,0.0
2015-08-18,0.0
2015-08-19,-4.999753677631338
2015-08-20,104.39631829014628
2015-08-21,0.0
2015-08-24,-14.999702955391374
2015-08-25,-6.859089167811897
2015-08-26,-215.19584042848135
2015-08-27,-2.933989386423407
2015-08-28,0.0
2015-08-31,0.0
2015-09-01,-4.999286219630008
2015-09-02,-34.898892276247835
2015-09-03,-28.882677641925973
2015-09-04,246.7440439138783
2015-09-08,-4.999938963191767
2015-09-09,-44.01808798213723
2015-09-10,255.68214063769528
2015-09-11,50.561986352520336
2015-09-14,0.0
2015-09-15,0.0
2015-09-16,0.0
2015-09-17,-2.9506025527614e-07
2015-09-18,-9.201846823785548e-06
2015-09-21,-4.999955093112281
2015-09-22,346.45379548830033
2015-09-23,0.0
2015-09-24,0.0
2015-09-25,0.0
2015-09-28,0.0
2015-09-29,-9.999989353998899
2015-09-30,12.667863543773628
2015-10-01,267.25265428743757
2015-10-02,-4.0893698890626125
2015-10-05,-32.685950033780856
2015-10-06,-6.407594250862038
2015-10-07,-227.21311252276786
2015-10-08,-459.59855132501656
2015-10-09,213.58155956043507
2015-10-12,-9.999768746834373
2015-10-13,150.60414512297055
2015-10-14,666.7299632613278
2015-10-15,0.0
2015-10-16,0.0
2015-10-19,0.0
2015-10-20,0.0
2015-10-21,0.0
2015-10-22,-4.9999823960516325
2015-10-23,-30.403243047525166
2015-10-26,27.929969549161836
2015-10-27,0.0
2015-10-28,-4.992399519311736
2015-10-29,73.50078584366376
2015-10-30,-196.0314167361089
2015-11-02,41.314749822137415
2015-11-03,326.07219647614886
2015-11-04,0.0
2015-11-05,0.0
2015-11-06,-2.5403821604923125
2015-11-09,-72.2280931885543
2015-11-10,26.69307037619401
2015-11-11,0.0
2015-11-12,0.0
2015-11-13,-3.7287215716289777
2015-11-16,111.95049542287336
2015-11-17,0.0
2015-11-18,0.0
2015-11-19,-4.999982456460057
2015-11-20,127.4751591942364
2015-11-23,0.0
2015-11-24,-5.0001649285804
2015-11-25,-3.9635523694913997
2015-11-27,-25.551341878381674
2015-11-30,0.0
2015-12-01,0.0
2015-12-02,0.0
2015-12-03,-4.999998649873488
2015-12-04,-33.543326596625555
2015-12-07,4.724252173855761
2015-12-08,-118.32346945055788
2015-12-09,14.897533287902661
2015-12-10,145.04389027379432
2015-12-11,0.0
2015-12-14,-9.99403468535511
2015-12-15,99.39417292843744
2015-12-16,-40.855189770651435
2015-12-17,-196.6431281560295
2015-12-18,-785.8710684141738
2015-12-21,73.91585356140104
2015-12-22,0.0
2015-12-23,0.0
2015-12-24,0.0
2015-12-28,0.0
2015-12-29,0.0
2015-12-30,0.0
2015-12-31,0.0
2016-01-04,-4.999966695142538
2016-01-05,131.32669028218106
2016-01-06,-4.999994729603338
2016-01-07,66.93842029354687
2016-01-08,152.66228722214672
2016-01-11,-261.4590714982059
2016-01-12,82.11675651816165
2016-01-13,13.85653851643063
2016-01-14,9.499047746166013
2016-01-15,12.389547816731529
2016-01-19,-244.23664170273923
2016-01-20,-315.2043652290306
2016-01-21,92.8519587705243
2016-01-22,373.6128469764339
2016-01-25,7.336368587938093
2016-01-26,-4.482023722735124
2016-01-27,82.44515636784992
2016-01-28,-8.644245208207903e-19
2016-01-29,-1.2471279266597821
2016-02-01,5.485554027596356
2016-02-02,-4.910907921049954
2016-02-03,-45.50919808341244
2016-02-04,-345.8279351725033
2016-02-05,-7.87430020246496e-12
2016-02-08,-4.998911577656108
2016-02-09,-116.4480205982974
2016-02-10,3.091618868692005
2016-02-11,-181.75902858662448
2016-02-12,350.3992287910783
2016-02-16,0.0
2016-02-17,-4.950146793889287
2016-02-18,0.2825826630829414
2016-02-19,22.920150343176864
2016-02-22,129.85518015459928
2016-02-23,0.0
2016-02-24,-1.777709374875482e-24
2016-02-25,9.459971956265377e-24
2016-02-26,-4.999260445440744
2016-02-29,-92.618486461439
2016-03-01,322.32038403036114
2016-03-02,69.66388320463493
2016-03-03,0.0
2016-03-04,0.0
2016-03-07,0.0
2016-03-08,0.0
2016-03-09,0.0
2016-03-10,0.0
2016-03-11,-4.999565714568608
2016-03-14,83.53938260207845
2016-03-15,0.0
2016-03-16,0.0
2016-03-17,0.0
2016-03-18,0.0
2016-03-21,0.0
2016-03-22,0.0
2016-03-23,0.0
2016-03-24,0.0
2016-03-28,0.0
2016-03-29,0.0
2016-03-30,-4.999987245126147
2016-03-31,-34.50695057244972
2016-04-01,55.877322541973705
2016-04-04,11.62563145039077
2016-04-05,-55.47222817191584
2016-04-06,14.253839406035041
2016-04-07,-65.46835744477359
2016-04-08,66.12067037201952
2016-04-11,-68.93794831851088
2016-04-12,27.249811751043666
2016-04-13,-107.62784416294366
2016-04-14,-22.287886852622204
2016-04-15,0.0
2016-04-18,0.0
2016-04-19,0.0
2016-04-20,0.0
2016-04-21,0.0
2016-04-22,0.0
2016-04-25,0.0
2016-04-26,0.0
2016-04-27,0.0
2016-04-28,0.0
2016-04-29,0.0
2016-05-02,0.0
2016-05-03,0.0
2016-05-04,0.0
2016-05-05,-0.038491225106990004
2016-05-06,1.093485853503317
2016-05-09,0.0
2016-05-10,0.0
2016-05-11,0.0
2016-05-12,0.0
2016-05-13,0.0
2016-05-16,0.0
2016-05-17,0.0
2016-05-18,0.0
2016-05-19,0.0
2016-05-20,0.0
2016-05-23,0.0
2016-05-24,0.0
2016-05-25,0.0
2016-05-26,0.0
2016-05-27,0.0
2016-05-31,0.0
2016-06-01,0.0
2016-06-02,0.0
2016-06-03,-4.999887420229757
2016-06-06,-59.31098338545662
2016-06-07,0.9127336531123909
2016-06-08,-22.80153459210621
2016-06-09,-2.3023097719700396
2016-06-10,-98.87997483957615
2016-06-13,-25.422206730872837
2016-06-14,181.43586581978414
2016-06-15,0.0
2016-06-16,0.0
2016-06-17,0.0
2016-06-20,0.0
2016-06-21,-6.542228370393747
2016-06-22,-88.11378315408868
2016-06-23,-36.14453477861753
2016-06-24,-127.60176314879175
2016-06-27,-282.4821385812042
2016-06-28,50.8928246171396
2016-06-29,-102.50479604737414
2016-06-30,-270.9107677049521
2016-07-01,172.40832072695395
2016-07-05,0.0
2016-07-06,-7.821968977011167e-11
2016-07-07,-4.999981040766567
2016-07-08,42.02255122132992
2016-07-11,23.711958735607276
2016-07-12,0.5780707116372668
2016-07-13,0.0
2016-07-14,0.0
2016-07-15,0.0
2016-07-18,0.0
2016-07-19,0.0
2016-07-20,0.0
2016-07-21,-4.997279298456959
2016-07-22,68.16664180056586
2016-07-25,0.0
2016-07-26,0.0
2016-07-27,0.0
2016-07-28,-4.999990418537067
2016-07-29,-188.5074825682582
2016-08-01,13.909621090596566
2016-08-02,0.0
2016-08-03,0.0
2016-08-04,0.0
2016-08-05,0.0
2016-08-08,0.0
2016-08-09,0.0
2016-08-10,0.0
2016-08-11,0.0
2016-08-12,0.0
2016-08-15,0.0
2016-08-16,-4.999649264906372
2016-08-17,337.6607477598776
2016-08-18,0.0
2016-08-19,0.0
2016-08-22,0.0
2016-08-23,0.0
2016-08-24,0.0
2016-08-25,0.0
2016-08-26,0.0
2016-08-29,0.0
2016-08-30,0.0
2016-08-31,0.0
2016-09-01,0.0
2016-09-02,0.0
2016-09-06,0.0
2016-09-07,0.0
2016-09-08,0.0
2016-09-09,-4.999390295967222
2016-09-12,159.33705864273085
2016-09-13,0.0
2016-09-14,0.0
2016-09-15,0.0
2016-09-16,0.0
2016-09-19,0.0
2016-09-20,0.0
2016-09-21,-1.169320253934863
2016-09-22,-39.79768102335489
2016-09-23,7.456411676273853
2016-09-26,-4.999988129161914
2016-09-27,110.21747535424062
2016-09-28,0.0
2016-09-29,-4.999990537994421
2016-09-30,-41.542939229201636
2016-10-03,-134.41429276503817
2016-10-04,-222.89493414234556
2016-10-05,-35.96717220185316
2016-10-06,42.91915326744538
2016-10-07,0.0
2016-10-10,0.0
2016-10-11,0.0
2016-10-12,0.0
2016-10-13,0.0
2016-10-14,0.0
2016-10-17,0.0
2016-10-18,0.0
2016-10-19,0.0
2016-10-20,0.0
2016-10-21,0.0
2016-10-24,0.0
2016-10-25,0.0
2016-10-26,0.0
2016-10-27,-4.9999838859808285
2016-10-28,-9.879158037853994
2016-10-31,174.37689299177768
2016-11-01,0.0
2016-11-02,0.0
2016-11-03,0.0
2016-11-04,-8.942318632698825
2016-11-07,-213.08969453128756
2016-11-08,386.7021502619683
2016-11-09,-4.999917661111008
2016-11-10,-123.18562944513714
2016-11-11,-35.94889232309119
2016-11-14,30.149672446276362
2016-11-15,-5.711481638793571
2016-11-16,-46.378783368441354
2016-11-17,2.1113418597899383
2016-11-18,-48.03650821895302
2016-11-21,19.57329198413128
2016-11-22,0.0
2016-11-23,0.0
2016-11-25,0.0
2016-11-28,-4.999737304138158
2016-11-29,341.2959369309253
2016-11-30,-4.465358870812216e-10
2016-12-01,9.334895322027003e-10
2016-12-02,0.0
2016-12-05,0.0
2016-12-06,0.0
2016-12-07,0.0
2016-12-08,0.0
2016-12-09,0.0
2016-12-12,-4.9999706399601385
2016-12-13,-60.109381725386164
2016-12-14,-102.88419726488841
2016-12-15,59.50378209057036
2016-12-16,0.0
2016-12-19,0.0
2016-12-20,-4.999740058128403
2016-12-21,3.7940568913886548
2016-12-22,-4.999598896438633
2016-12-23,-59.11725085872806
2016-12-27,100.86580825546788
2016-12-28,0.0
2016-12-29,0.0
2016-12-30,0.0
2017-01-03,0.0
2017-01-04,0.0
2017-01-05,-4.999877037682799
2017-01-06,-305.5218501008877
2017-01-09,211.6456346603759
2017-01-10,0.0
2017-01-11,0.0
2017-01-12,0.0
2017-01-13,0.0
2017-01-17,0.0
2017-01-18,-4.999626192806719
2017-01-19,-457.63625097351746
2017-01-20,0.0
2017-01-23,0.0
2017-01-24,0.0
2017-01-25,0.0
2017-01-26,0.0
2017-01-27,-4.477096722379731
2017-01-30,-67.07265168292142
2017-01-31,2.0135293463121
2017-02-01,-106.25157917704186
2017-02-02,-20.200325914487184
2017-02-03,-40.22239806674021
2017-02-06,-161.24942307833385
2017-02-07,113.41736414025401
2017-02-08,0.0
2017-02-09,-4.999990774694522
2017-02-10,-166.1934351757082
2017-02-13,-2.306542168438655
2017-02-14,-33.68790289581509
2017-02-15,-21.746190886966048
2017-02-16,0.0
2017-02-17,0.0
2017-02-21,0.0
2017-02-22,0.0
2017-02-23,0.0
2017-02-24,0.0
2017-02-27,0.0
2017-02-28,-4.999685713264249
2017-03-01,45.98885249455505
2017-03-02,0.0
2017-03-03,-4.999745806839786
2017-03-06,-23.0401497788398
2017-03-07,263.73024066375683
2017-03-08,8.479341462688883
2017-03-09,0.0
2017-03-10,0.0
2017-03-13,0.0
2017-03-14,0.0
2017-03-15,-4.99993178677106
2017-03-16,25.03501464352706
2017-03-17,0.0
2017-03-20,0.0
2017-03-21,-19.999021780350112
2017-03-22,104.72022833364917
2017-03-23,54.64365670898479
2017-03-24,-29.357891381633852
2017-03-27,-149.90505257584286
2017-03-28,66.9050014071988
2017-03-29,0.0
2017-03-30,0.0
2017-03-31,0.0
2017-04-03,0.0
2017-04-04,0.0
2017-04-05,-4.999954243467257
2017-04-06,-320.52470361451844
2017-04-07,288.6135186287641
2017-04-10,36.470069086553686
2017-04-11,0.0
2017-04-12,0.0
2017-04-13,0.0
2017-04-17,0.0
2017-04-18,0.0
2017-04-19,-4.990074714711271
2017-04-20,-180.441720059065
2017-04-21,42.54043023201578
2017-04-24,14.246032008337757
2017-04-25,0.0
2017-04-26,0.0
2017-04-27,0.0
2017-04-28,0.0
2017-05-01,0.0
2017-05-02,0.0
2017-05-03,0.0
2017-05-04,0.0
2017-05-05,0.0
2017-05-08,-4.9999987293996835
2017-05-09,-33.3853219798321
2017-05-10,31.632117957355135
2017-05-11,0.0
2017-05-12,0.0
2017-05-15,0.0
2017-05-16,0.0
2017-05-17,-9.99896494118163
2017-05-18,84.92018816713157
2017-05-19,-102.17644386962574
2017-05-22,-52.244238881716434
2017-05-23,138.567142679271
2017-05-24,0.0
2017-05-25,0.0
2017-05-26,0.0
2017-05-30,0.0
2017-05-31,0.0
2017-06-01,0.0
2017-06-02,0.0
2017-06-05,0.0
2017-06-06,-0.1386480322621095
2017-06-07,-10.523449542429498
2017-06-08,-0.04223755201370121
2017-06-09,0.0
2017-06-12,-4.999986888018524
2017-06-13,48.59446254599127
2017-06-14,0.0
2017-06-15,-6.975378607645586e-07
2017-06-16,1.5722909028442312e-05
2017-06-19,-2.0828763831479412e-08
2017-06-20,-2.607482554341749e-08
2017-06-21,-2.4542163476779474e-07
2017-06-22,-2.4440822953538415e-07
2017-06-23,4.41792280721204e-06
2017-06-26,0.0
2017-06-27,-4.999991482152816
2017-06-28,108.56996779472587
2017-06-29,0.0
2017-06-30,0.0
2017-07-03,0.0
2017-07-05,0.0
2017-07-06,-4.999980498270648
2017-07-07,-12.38924178850119
2017-07-10,25.725092283496952
2017-07-11,0.0
2017-07-12,0.0
2017-07-13,0.0
2017-07-14,0.0
2017-07-17,0.0
2017-07-18,-4.999990081820049
2017-07-19,-20.8217075706875
2017-07-20,175.60769508292697
2017-07-21,0.0
2017-07-24,0.0
2017-07-25,0.0
2017-07-26,0.0
2017-07-27,-4.999986922774772
2017-07-28,27.509225107585053
2017-07-31,0.0
2017-08-01,0.0
2017-08-02,0.0
2017-08-03,0.0
2017-08-04,0.0
2017-08-07,0.0
2017-08-08,0.0
2017-08-09,0.0
2017-08-10,0.0
2017-08-11,0.0
2017-08-14,0.0
2017-08-15,0.0
2017-08-16,0.0
2017-08-17,0.0
2017-08-18,0.0
2017-08-21,0.0
2017-08-22,0.0
2017-08-23,0.0
2017-08-24,-4.999897100246215
2017-08-25,-27.28878894212589
2017-08-28,-84.26926830954281
2017-08-29,107.88377531106129
2017-08-30,-4.9999607061997855
2017-08-31,-128.25727913619772
2017-09-01,-151.46609598191097
2017-09-05,-90.38608039803815
2017-09-06,-4.698868973416177
2017-09-07,0.0
2017-09-08,-4.99994829993183
2017-09-11,-77.0805121004424
2017-09-12,45.1796928465512
2017-09-13,-46.79963671906816
2017-09-14,66.89353878083483
2017-09-15,-2.5532553452584925
2017-09-18,0.0
2017-09-19,0.0
2017-09-20,0.0
2017-09-21,0.0
2017-09-22,-4.999985792839827
2017-09-25,-41.49220317773379
2017-09-26,17.695311395670856
2017-09-27,-4.9999874367743855
2017-09-28,40.55721274245607
2017-09-29,0.0
2017-10-02,-4.99998015188186
2017-10-03,-86.76946121035014
2017-10-04,-62.688711896341346
2017-10-05,21.789060720310474
2017-10-06,-2.1850979634147992e-13
2017-10-09,5.430964818869145e-12
2017-10-10,-1.5731136015099268e-11
2017-10-11,-5.489271184360391e-11
2017-10-12,1.61281573217702e-11
2017-10-13,0.0
2017-10-16,0.0
2017-10-17,0.0
2017-10-18,-4.999991738343401
2017-10-19,131.0631874712629
2017-10-20,-262.9956584408514
2017-10-23,-94.28525063224632
2017-10-24,-75.20461236775755
2017-10-25,-143.42583398239847
2017-10-26,-45.02033625483539
2017-10-27,73.16663622111989
2017-10-30,-4.999991241300846
2017-10-31,52.137120955517254
2017-11-01,-9.999380141098355
2017-11-02,133.46054493820128
2017-11-03,-72.30342493881072
2017-11-06,69.3035989530956
2017-11-07,-73.86715229898546
2017-11-08,-44.29314336672887
2017-11-09,-112.47115054449345
2017-11-10,-22.987631502251872
2017-11-13,85.88003444064965
2017-11-14,-4.999831250398608
2017-11-15,-32.56821919099501
2017-11-16,-46.24160658108195
2017-11-17,-52.57782295250396
2017-11-20,20.8884657832047
2017-11-21,34.91545143042663
2017-11-22,91.89266314929584
2017-11-24,0.0
2017-11-27,0.0
2017-11-28,0.0
2017-11-29,0.0
2017-11-30,0.0
2017-12-01,0.0
2017-12-04,-14.999770292626181
2017-12-05,726.0096156501301
2017-12-06,0.0
2017-12-07,-4.99989948547488
2017-12-08,93.30846844340633
2017-12-11,0.0
2017-12-12,0.0
2017-12-13,0.0
2017-12-14,0.0
2017-12-15,-4.99987995869052
2017-12-18,369.0601402989963
2017-12-19,-4.9999832762302985
2017-12-20,-13.143908030671518
2017-12-21,-9.999955239258727
2017-12-22,-150.04787279192652
2017-12-26,69.84650140565246
2017-12-27,11.329705374957594
2017-12-28,0.0
2017-12-29,0.0
2018-01-02,-4.999907169537906
2018-01-03,-23.63301637612047
2018-01-04,-158.81005986213432
2018-01-05,55.48563442034889
2018-01-08,213.3760313960064
2018-01-09,0.0
2018-01-10,-4.999262509688775
2018-01-11,0.0869002226917778
2018-01-12,89.66651021910225
2018-01-16,-94.13496387583199
2018-01-17,-113.86511300358663
2018-01-18,199.72373270674132
2018-01-19,326.56422133897195
2018-01-22,-4.903783818908708
2018-01-23,-26.84802780353687
2018-01-24,-169.31440923584515
2018-01-25,106.94935012656596
2018-01-26,-35.49724405103493
2018-01-29,-6.216603780517271
2018-01-30,-80.14760704075331
2018-01-31,-46.529417050480596
2018-02-01,-298.48844737845116
2018-02-02,118.12125105712177
2018-02-05,-193.0581182251246
2018-02-06,-223.2549149692247
2018-02-07,107.09389052135376
2018-02-08,183.61106608175777
2018-02-09,54.06618870273553
2018-02-12,-14.999909560490575
2018-02-13,67.03456956912316
2018-02-14,-221.875965745088
2018-02-15,231.4438130691327
2018-02-16,-148.78409348990544
2018-02-20,-461.77187162397905
2018-02-21,264.4429119197462
2018-02-22,-21.2797796096733
2018-02-23,165.9908836240353
2018-02-26,0.0
2018-02-27,0.0
2018-02-28,0.0
2018-03-01,-8.881312579056017
2018-03-02,18.186692982296872
2018-03-05,53.20881967921402
2018-03-06,10.603108021236658
2018-03-07,0.0
2018-03-08,-5.140297574072202
2018-03-09,43.83381538825195
2018-03-12,335.9763116599815
2018-03-13,49.59016450848057
2018-03-14,0.0
2018-03-15,-4.999935370705556
2018-03-16,-401.70162793516374
2018-03-19,190.4660456388363
2018-03-20,0.0
2018-03-21,0.0
2018-03-22,0.0
2018-03-23,0.0
2018-03-26,0.0
2018-03-27,0.0
2018-03-28,0.0
2018-03-29,0.0
2018-04-02,0.0
2018-04-03,-4.999997707419041
2018-04-04,-86.56577142156466
2018-04-05,20.692634914128707
2018-04-06,-113.31017079782019
2018-04-09,-20.81264611997672
2018-04-10,85.46202285332681
2018-04-11,-12.404859102306453
2018-04-12,30.76252909760539
2018-04-13,0.0
2018-04-16,-4.99981726298908
2018-04-17,-57.515672121674974
2018-04-18,307.32189052707156
2018-04-19,-0.41565028219115874
2018-04-20,232.06019819763938
2018-04-23,-51.87213389038191
2018-04-24,167.76934124620738
2018-04-25,-4.996009990803368
2018-04-26,11.156094367883782
2018-04-27,166.10117883902964
2018-04-30,-4.999982974547375
2018-05-01,54.12106242167083
2018-05-02,-4.999964057917204
2018-05-03,83.09586083616217
2018-05-04,-132.42587524182065
2018-05-07,35.36503356778021
2018-05-08,0.0
2018-05-09,0.0
2018-05-10,0.0
2018-05-11,-4.999998066978524
2018-05-14,-13.098035999592511
2018-05-15,44.815678575482366
2018-05-16,0.0
2018-05-17,0.0
2018-05-18,0.0
2018-05-21,-4.5933698173326825
2018-05-22,-46.89202552941482
2018-05-23,19.118571086643378
2018-05-24,-10.584955440927084
2018-05-25,14.897548351722413
2018-05-29,31.84397886944887
2018-05-30,140.04459563601984
2018-05-31,104.5861461320637
2018-06-01,0.0
2018-06-04,0.0
2018-06-05,-4.72111698820571e-08
2018-06-06,-1.0248991407017238e-06
2018-06-07,-0.0001566676199784384
2018-06-08,0.0025768357561247613
2018-06-11,0.0
2018-06-12,0.0
2018-06-13,0.0
2018-06-14,0.0
2018-06-15,0.0
2018-06-18,0.0
2018-06-19,-4.999995982945415
2018-06-20,24.276314913895174
2018-06-21,-4.999985913556719
2018-06-22,4.761979848944673
2018-06-25,53.723576647306075
2018-06-26,0.0
2018-06-27,0.0
2018-06-28,0.0
2018-06-29,0.0
2018-07-02,0.0
2018-07-03,0.0
2018-07-05,0.0
2018-07-06,-4.999772180660166
2018-07-09,-36.33006780223414
2018-07-10,124.01941537159725
2018-07-11,-30.502398331900203
2018-07-12,-4.216682093900965
2018-07-13,0.0
2018-07-16,0.0
2018-07-17,-9.999764769627243
2018-07-18,53.32066895765521
2018-07-19,66.51122208501552
2018-07-20,70.04479966077864
2018-07-23,0.0
2018-07-24,0.0
2018-07-25,-4.999998266630729
2018-07-26,-86.18215007588216
2018-07-27,-128.11738895737358
2018-07-30,-57.511142687668936
2018-07-31,47.8871826586973
2018-08-01,26.15059851154382
2018-08-02,-0.6345283852946331
2018-08-03,207.4621561073316
2018-08-06,0.0
2018-08-07,-4.99996994586519
2018-08-08,55.63453219124736
2018-08-09,-45.946574110735106
2018-08-10,67.93045972699369
2018-08-13,-48.30487454997817
2018-08-14,112.71857331049809
2018-08-15,0.0
2018-08-16,0.0
2018-08-17,0.0
2018-08-20,0.0
2018-08-21,-4.9995223338451975
2018-08-22,155.8376381425395
2018-08-23,0.0
2018-08-24,0.0
2018-08-27,0.0
2018-08-28,0.0
2018-08-29,0.0
2018-08-30,0.0
2018-08-31,0.0
2018-09-04,0.0
2018-09-05,0.0
2018-09-06,0.0
2018-09-07,-4.999867302409371
2018-09-10,41.14889493353743
2018-09-11,-95.50531176259398
2018-09-12,-12.575073914566904
2018-09-13,-4.999940195096549
2018-09-14,-79.60644450902981
2018-09-17,42.503904473013
2018-09-18,-4.9999760603286765
2018-09-19,42.31392851553211
2018-09-20,0.0
2018-09-21,0.0
2018-09-24,0.0
2018-09-25,0.0
2018-09-26,0.0
2018-09-27,0.0
2018-09-28,0.0
2018-10-01,0.0
2018-10-02,-9.999885718002822
2018-10-03,-242.18630218230638
2018-10-04,98.74635678294233
2018-10-05,37.54280523307582
2018-10-08,0.0
2018-10-09,0.0
2018-10-10,-4.999953059234278
2018-10-11,51.34060570984294
2018-10-12,306.7263852106741
2018-10-15,0.0
2018-10-16,0.0
2018-10-17,-4.999978575820449
2018-10-18,20.60774158577869
2018-10-19,55.42584641240234
2018-10-22,0.0
2018-10-23,0.0
2018-10-24,-9.999672772026958
2018-10-25,-128.36896604660322
2018-10-26,102.94028009760297
2018-10-29,82.68222985094346
2018-10-30,-9.999916811588392
2018-10-31,-199.28924232389937
2018-11-01,234.1526080702876
2018-11-02,-63.82310811189071
2018-11-05,-59.77129209199671
2018-11-06,0.0
2018-11-07,-4.99995540529986
2018-11-08,137.38656678018793
2018-11-09,-4.999930180052615
2018-11-12,24.135254034794258
2018-11-13,0.0
2018-11-14,-4.99931354962908
2018-11-15,44.81612198222695
2018-11-16,0.0
2018-11-19,-4.999739589071824
2018-11-20,-131.5765794971497
2018-11-21,-68.16397687326064
2018-11-23,-151.4262073139466
2018-11-26,-39.91526917994181
2018-11-27,0.0
2018-11-28,0.0
2018-11-29,0.0
2018-11-30,0.0
2018-12-03,-9.999774562200507
2018-12-04,322.4645152001483
2018-12-06,187.39733439609802
2018-12-07,-380.0479685556908
2018-12-10,658.8792395780947
2018-12-11,0.0
2018-12-12,0.0
2018-12-13,0.0
2018-12-14,0.0
2018-12-17,-2.4623469017526536e-05
2018-12-18,-4.999652803867615
2018-12-19,-143.35539732952404
2018-12-20,-107.293283911367
2018-12-21,15.001097971597584
2018-12-24,0.0
2018-12-26,-0.6130312615135499
2018-12-27,5.889518116284104
2018-12-28,0.0
2018-12-31,0.0
2019-01-02,-4.9913822573684445
2019-01-03,-2.8121736617172552
2019-01-04,-68.07731857338058
2019-01-07,-53.93470136801815
2019-01-08,-119.4120419443771
2019-01-09,-34.069938043936254
2019-01-10,26.539898390148032
2019-01-11,0.0
2019-01-14,0.0
2019-01-15,0.0
2019-01-16,-4.999481919506928
2019-01-17,216.24858945053498
2019-01-18,-0.00026542375902983793
2019-01-22,-0.015484085942591274
2019-01-23,4.919370329433816e-05
2019-01-24,0.0
2019-01-25,0.0
2019-01-28,0.0
2019-01-29,0.0
2019-01-30,0.0
2019-01-31,0.0
2019-02-01,-0.5396971055143814
2019-02-04,-10.49554834161931
2019-02-05,-3.805920411499091
2019-02-06,-0.57799606019536
2019-02-07,-4.999998910934783
2019-02-08,141.88986162236964
2019-02-11,0.0
2019-02-12,0.0
2019-02-13,0.0
2019-02-14,0.0
2019-02-15,-6.241611901651305e-15
2019-02-19,-1.2003351461540453e-13
2019-02-20,3.2197978641748786e-19
2019-02-21,0.0
2019-02-22,0.0
2019-02-25,0.0
2019-02-26,0.0
2019-02-27,0.0
2019-02-28,-4.999898254298614
2019-03-01,20.368908774704252
2019-03-04,154.04578455226644
2019-03-05,0.0
2019-03-06,0.0
2019-03-07,0.0
2019-03-08,-4.999950683074913
2019-03-11,84.47951587085223
2019-03-12,-158.873379249424
2019-03-13,30.074709049827497
2019-03-14,-1378.6643854958872
2019-03-15,0.0
2019-03-18,0.0
2019-03-19,0.0
2019-03-20,0.0
2019-03-21,0.0
2019-03-22,0.0
2019-03-25,0.0
2019-03-26,0.0
2019-03-27,0.0
2019-03-28,0.0
2019-03-29,0.0
2019-04-01,-4.999982134086254
2019-04-02,-83.20207519966802
2019-04-03,0.0
2019-04-04,0.0
2019-04-05,0.0
2019-04-08,0.0
2019-04-09,0.0
2019-04-10,0.0
2019-04-11,0.0
2019-04-12,0.0
2019-04-15,0.0
2019-04-16,0.0
2019-04-17,0.0
2019-04-18,-4.999904604520091
2019-04-22,225.13611405881772
2019-04-23,0.0
2019-04-24,0.0
2019-04-25,0.0
2019-04-26,0.0
2019-04-29,0.0
2019-04-30,0.0
2019-05-01,-4.999978046051178
2019-05-02,156.53446912108282
2019-05-03,0.0
2019-05-06,0.0
2019-05-07,0.0
2019-05-08,0.0
2019-05-09,0.0
2019-05-10,0.0
2019-05-13,0.0
2019-05-14,0.0
2019-05-15,0.0
2019-05-16,0.0
2019-05-17,0.0
2019-05-20,0.0
2019-05-21,0.0
2019-05-22,0.0
2019-05-23,0.0
2019-05-24,0.0
2019-05-28,0.0
2019-05-29,0.0
2019-05-30,0.0
2019-05-31,0.0
2019-06-03,0.0
2019-06-04,0.0
2019-06-05,-4.9999967732047885
2019-06-06,17.752801968903956
2019-06-07,-120.29260093194578
2019-06-10,144.4844098299603
2019-06-11,-1.3350065009684757e-15
2019-06-12,-4.5461839502027985e-06
2019-06-13,-8.414101486332134
2019-06-14,-180.13116747022917
2019-06-17,44.803832739739235
2019-06-18,248.8755341362714
2019-06-19,0.0
2019-06-20,0.0
2019-06-21,0.0
2019-06-24,0.0
2019-06-25,0.0
2019-06-26,0.0
2019-06-27,0.0
2019-06-28,0.0
2019-07-01,0.0
2019-07-02,0.0
2019-07-03,0.0
2019-07-05,0.0
2019-07-08,0.0
2019-07-09,0.0
2019-07-10,-4.999990297410796
2019-07-11,38.82843632735041
2019-07-12,0.0
2019-07-15,0.0
2019-07-16,-14.998767807535025
2019-07-17,142.27071979003415
2019-07-18,45.88421480314429
2019-07-19,144.590647207452
2019-07-22,0.0
2019-07-23,0.0
2019-07-24,0.0
2019-07-25,0.0
2019-07-26,0.0
2019-07-29,0.0
2019-07-30,-4.999976901561844
2019-07-31,-223.8183448159686
2019-08-01,14.788540213476535
2019-08-02,-49.78173150947148
2019-08-05,141.1839413880376
2019-08-06,0.0
2019-08-07,-9.999965847306768
2019-08-08,336.043020247256
2019-08-09,0.0
2019-08-12,-4.999363917913852
2019-08-13,48.32225408978997
2019-08-14,-6.24275734955139
2019-08-15,-1.0492262974673203
2019-08-16,0.22725323580070272
2019-08-19,-0.18107612128142248
2019-08-20,-0.421901988021033
2019-08-21,-0.2779535156358116
2019-08-22,-0.01601449512842486
2019-08-23,0.0005747626820490556
2019-08-26,0.0
2019-08-27,0.0
2019-08-28,0.0
2019-08-29,0.0
2019-08-30,0.0
2019-09-03,0.0
2019-09-04,0.0
2019-09-05,0.0
2019-09-06,0.0
2019-09-09,-9.99998585668672
2019-09-10,-96.21957026536893
2019-09-11,80.52371849378824
2019-09-12,-85.02188426293284
2019-09-13,0.0
2019-09-16,0.0
2019-09-17,0.0
2019-09-18,0.0
2019-09-19,0.0
2019-09-20,0.0
2019-09-23,0.0
2019-09-24,0.0
2019-09-25,0.0
2019-09-26,0.0
2019-09-27,-3.637613911914112e-07
2019-09-30,5.927330393282688e-06
2019-10-01,0.0
2019-10-02,0.0
2019-10-03,0.0
2019-10-04,0.0
2019-10-07,0.0
2019-10-08,0.0
2019-10-09,0.0
2019-10-10,0.0
2019-10-11,-4.999997850464304
2019-10-14,-57.272862385373436
2019-10-15,-18.941986923554445
2019-10-16,13.557696731827718
2019-10-17,47.74757116480402
2019-10-18,0.0
2019-10-21,0.0
2019-10-22,0.0
2019-10-23,0.0
2019-10-24,0.0
2019-10-25,0.0
2019-10-28,-4.999985980804568
2019-10-29,-7.288968941537056
2019-10-30,90.22867364513836
2019-10-31,126.63686916170283
2019-11-01,0.0
2019-11-04,0.0
2019-11-05,0.0
2019-11-06,0.0
2019-11-07,0.0
2019-11-08,0.0
2019-11-11,0.0
2019-11-12,0.0
2019-11-13,0.0
2019-11-14,0.0
2019-11-15,0.0
2019-11-18,0.0
2019-11-19,0.0
2019-11-20,0.0
2019-11-21,0.0
2019-11-22,0.0
2019-11-25,0.0
2019-11-26,0.0
2019-11-27,0.0
2019-11-29,0.0
2019-12-02,0.0
2019-12-03,0.0
2019-12-04,0.0
2019-12-05,-4.999814440840014
2019-12-06,106.55606278343599
2019-12-09,0.0
2019-12-10,0.0
2019-12-11,-4.999968848821205
2019-12-12,-65.01751295674575
2019-12-13,-93.086810754953
2019-12-16,-79.40156635763884
2019-12-17,176.74404973581935
2019-12-18,0.0
2019-12-19,-9.999898090502786
2019-12-20,69.56424241465564
2019-12-23,-41.23632709312549
2019-12-24,22.824016916074395
2019-12-26,0.0
2019-12-27,0.0
2019-12-30,0.0
2019-12-31,0.0
2020-01-02,0.0
2020-01-03,0.0
2020-01-06,0.0
2020-01-07,0.0
2020-01-08,0.0
2020-01-09,-4.9999828386375
2020-01-10,-40.257529136103116
2020-01-13,-67.37919706966471
2020-01-14,-4.99978533784695
2020-01-15,204.65962087010308
2020-01-16,-4.999978439719698
2020-01-17,-79.59509975422476
2020-01-21,-94.99636819077378
2020-01-22,-337.8065470168732
2020-01-23,45.16602652423448
2020-01-24,0.0
2020-01-27,0.0
2020-01-28,-4.999988839166414
2020-01-29,5.312473665435618
2020-01-30,48.175953852829835
2020-01-31,34.49493487168748
2020-02-03,34.757374907918475
2020-02-04,-64.83451786677642
2020-02-05,-9.999949776595843
2020-02-06,-284.8494280613865
2020-02-07,-87.05097350598416
2020-02-10,-26.19283110115775
2020-02-11,-62.1031391239941
2020-02-12,-75.14601146796046
2020-02-13,-76.23237835561362
2020-02-14,7.590365179356023
2020-02-18,0.0
2020-02-19,0.0
2020-02-20,0.0
2020-02-21,0.0
2020-02-24,-4.73222669834508
2020-02-25,-210.26873974958838
2020-02-26,-279.0535358840626
2020-02-27,-91.57964005571702
2020-02-28,-58.259313633159735
2020-03-02,141.9636920206396
2020-03-03,-201.6173913209087
2020-03-04,-417.2946828782494
2020-03-05,424.82344351639847
2020-03-06,11.131602281732967
2020-03-09,-1491.2494036629973
2020-03-10,-167.3085304254662
2020-03-11,-85.55273987961812
2020-03-12,-249.80269184609966
2020-03-13,-315.6723935546522
2020-03-16,-685.1842678864192
2020-03-17,1831.6533954786055
2020-03-18,-4.969657545972778
2020-03-19,-684.9157053815917
2020-03-20,74.43065294192806
2020-03-23,-403.794039160235
2020-03-24,-4.603965741374465
2020-03-25,-56.32935041289404
2020-03-26,-4.065401619925324e-81
2020-03-27,-1.8064326733539415
2020-03-30,52.69236671164666
2020-03-31,-1.857341175920338
2020-04-01,-83.32498169658082
2020-04-02,-286.6047524272775
2020-04-03,-221.90338503468732
2020-04-06,-288.66774332602694
2020-04-07,0.0
2020-04-08,0.0
2020-04-09,0.0
2020-04-13,0.0
2020-04-14,0.0
2020-04-15,0.0
2020-04-16,0.0
2020-04-17,0.0
2020-04-20,0.0
2020-04-21,0.0
2020-04-22,0.0
2020-04-23,0.0
2020-04-24,0.0
2020-04-27,0.0
2020-04-28,0.0
2020-04-29,0.0
2020-04-30,0.0
2020-05-01,0.0
2020-05-04,0.0
2020-05-05,0.0
2020-05-06,0.0
2020-05-07,0.0
2020-05-08,0.0
2020-05-11,0.0
2020-05-12,0.0
2020-05-13,0.0
2020-05-14,0.0
2020-05-15,0.0
2020-05-18,0.0
2020-05-19,0.0
2020-05-20,0.0
2020-05-21,0.0
2020-05-22,0.0
2020-05-26,0.0
2020-05-27,0.0
2020-05-28,0.0
2020-05-29,0.0
2020-06-01,0.0
2020-06-02,0.0
2020-06-03,0.0
2020-06-04,0.0
2020-06-05,0.0
2020-06-08,0.0
2020-06-09,0.0
2020-06-10,0.0
2020-06-11,0.0
2020-06-12,0.0
2020-06-15,0.0
2020-06-16,0.0
2020-06-17,0.0
2020-06-18,0.0
2020-06-19,-4.999986981732612
2020-06-22,84.15342257394266
2020-06-23,0.0
2020-06-24,0.0
2020-06-25,0.0
2020-06-26,0.0
2020-06-29,0.0
2020-06-30,0.0
2020-07-01,0.0
2020-07-02,0.0
2020-07-06,0.0
2020-07-07,0.0
2020-07-08,-4.614696885430358e-34
2020-07-09,-4.921966873976318e-31
2020-07-10,-3.1111765628495006e-26
2020-07-13,8.867689374489321e-25
2020-07-14,0.0
2020-07-15,0.0
2020-07-16,0.0
2020-07-17,0.0
2020-07-20,0.0
2020-07-21,-4.999983232688384
2020-07-22,-48.39682188094992
2020-07-23,-69.2776361116982
2020-07-24,-124.83750549394809
2020-07-27,-127.23162746648627
2020-07-28,11.367086451889486
2020-07-29,0.0
2020-07-30,0.0
2020-07-31,0.0
2020-08-03,0.0
2020-08-04,0.0
2020-08-05,0.0
2020-08-06,-1.1141244584349772e-18
2020-08-07,6.274329463313348e-17
2020-08-10,0.0
2020-08-11,0.0
2020-08-12,0.0
2020-08-13,0.0
2020-08-14,0.0
2020-08-17,0.0
2020-08-18,0.0
2020-08-19,0.0
2020-08-20,0.0
2020-08-21,0.0
2020-08-24,0.0
2020-08-25,0.0
2020-08-26,-4.999783355270392
2020-08-27,322.1227501435635
2020-08-28,-4.999986426910488
2020-08-31,57.835955959015514
2020-09-01,0.0
2020-09-02,0.0
2020-09-03,0.0
2020-09-04,0.0
2020-09-08,-1.2108946036284776e-23
2020-09-09,-2.426448461734462e-22
2020-09-10,-1.9502504372306438e-21
2020-09-11,-2.435740221171854e-23
2020-09-14,7.166117791444432e-24
2020-09-15,-4.99996985893621
2020-09-16,-4.264139490587604
2020-09-17,80.86308422524496
2020-09-18,-4.999747242604473
2020-09-21,587.7075509819988
2020-09-22,89.80986655150257
2020-09-23,-4.996844327440117
2020-09-24,83.03454414716155
2020-09-25,-4.999803808015963
2020-09-28,61.713160579705885
2020-09-29,-55.01668237962209
2020-09-30,59.73436891766247
2020-10-01,-87.47078316945432
2020-10-02,101.21288029509
2020-10-05,-1.3632912499462938e-09
2020-10-06,-4.991996502739355e-05
2020-10-07,0.00015899669346831414
2020-10-08,-7.020778750917568e-21
2020-10-09,-8.235016668548268e-28
2020-10-12,2.0516433011028986e-33
2020-10-13,-4.999849215155252
2020-10-14,-3.085369700814007
2020-10-15,-1.2982670182820238e-42
2020-10-16,-4.999978285943
2020-10-19,-70.97656492996879
2020-10-20,-15.896051866101663
2020-10-21,-53.4711420313545
2020-10-22,101.75327459715774
2020-10-23,8.375156705313181e-19
2020-10-26,-4.999982805354655
2020-10-27,-117.27040090086457
2020-10-28,-74.15043148378267
2020-10-29,-8.4782957775133e-06
2020-10-30,0.0
2020-11-02,0.0
2020-11-03,0.0
2020-11-04,0.0
2020-11-05,-0.00024816072202175676
2020-11-06,0.013241330994317421
2020-11-09,-4.999990257555928
2020-11-10,115.92549405561668
2020-11-11,3.198513023099524e-05
2020-11-12,0.0
2020-11-13,0.0
2020-11-16,0.0
2020-11-17,-1.3571770952138455e-08
2020-11-18,5.977660368377884e-08
2020-11-19,0.0
2020-11-20,0.0
2020-11-23,0.0
2020-11-24,0.0
2020-11-25,0.0
2020-11-27,0.0
2020-11-30,0.0
2020-12-01,0.0
2020-12-02,0.0
2020-12-03,0.0
2020-12-04,0.0
2020-12-07,0.0
2020-12-08,0.0
2020-12-09,0.0
2020-12-10,0.0
2020-12-11,-4.999976101228458
2020-12-14,-330.56203437072435
2020-12-15,461.1946541950515
2020-12-16,-4.999609307727832
2020-12-17,-120.35088475294006
2020-12-18,103.70543969071788
2020-12-21,-100.3932754212928
2020-12-22,-278.28490600963045
2020-12-23,167.4411805382061
2020-12-24,0.0
2020-12-28,-4.999557824356854
2020-12-29,39.54478565503229
2020-12-30,0.0
2020-12-31,0.0
2021-01-04,0.0
2021-01-05,0.0
2021-01-06,0.0
2021-01-07,0.0
2021-01-08,0.0
2021-01-11,0.0
2021-01-12,0.0
2021-01-13,0.0
2021-01-14,0.0
2021-01-15,0.0
2021-01-19,-4.999937288459853
2021-01-20,-464.6195683707713
2021-01-21,305.39562644188095
2021-01-22,0.0
2021-01-25,0.0
2021-01-26,0.0
2021-01-27,-4.739927805908701
2021-01-28,374.7010183716347
2021-01-29,0.0
2021-02-01,0.0
2021-02-02,0.0
2021-02-03,0.0
2021-02-04,-5.005169874990708e-06
2021-02-05,-9.282349126743795e-05
2021-02-08,-2.0540440301944042e-06
2021-02-09,-4.999840720654089
2021-02-10,110.18553219750012
2021-02-11,0.0
2021-02-12,-1.1659071236884212e-16
2021-02-16,-1.7339728915697155e-14
2021-02-17,-1.2072084114280995e-12
2021-02-18,-2.231250429004751e-08
2021-02-19,1.3699896347255862e-07
2021-02-22,3.0526484252210604e-07
2021-02-23,0.0
2021-02-24,-4.999970468985236
2021-02-25,-178.69039821456673
2021-02-26,-95.72216650621326
2021-03-01,146.75122929914545
2021-03-02,-4.999985608731342
2021-03-03,190.314077538662
2021-03-04,0.0
2021-03-05,-4.999987755910737
2021-03-08,105.83746420357552
2021-03-09,-127.67271455788085
2021-03-10,63.388654855519164
2021-03-11,-4.999987112731343
2021-03-12,146.08609391627405
2021-03-15,0.0
2021-03-16,0.0
2021-03-17,-9.999858055422347
2021-03-18,-660.7036542450118
2021-03-19,804.453891878921
2021-03-22,0.0
2021-03-23,0.0
2021-03-24,0.0
2021-03-25,0.0
2021-03-26,-4.999989369141464
2021-03-29,-47.95936165251727
2021-03-30,66.26914273814465
2021-03-31,0.0
2021-04-01,-4.999970531930993
2021-04-05,331.57539023221835
2021-04-06,0.0
2021-04-07,0.0
2021-04-08,0.0
2021-04-09,0.0
2021-04-12,0.0
2021-04-13,0.0
2021-04-14,0.0
2021-04-15,0.0
2021-04-16,0.0
2021-04-19,0.0
2021-04-20,0.0
2021-04-21,0.0
2021-04-22,0.0
2021-04-23,0.0
2021-04-26,0.0
2021-04-27,0.0
2021-04-28,0.0
2021-04-29,0.0
2021-04-30,0.0
2021-05-03,0.0
2021-05-04,0.0
2021-05-05,0.0
2021-05-06,-14.999776700831623
2021-05-07,-141.02917761795513
2021-05-10,-264.44468673496004
2021-05-11,-196.95967516322466
2021-05-12,-551.8723050287007
2021-05-13,161.47829916872288
2021-05-14,-0.4495027907406215
2021-05-17,9.240992341485043
2021-05-18,-4.99995202176533
2021-05-19,-296.43225495522546
2021-05-20,55.791672383155436
2021-05-21,0.0
2021-05-24,-4.999863190367232
2021-05-25,117.1752002455569
2021-05-26,0.0
2021-05-27,-4.999985390671524
2021-05-28,61.02700623609397
2021-06-01,0.0
2021-06-02,-4.999941837406329
2021-06-03,-255.84594017442637
2021-06-04,-129.74206520122115
2021-06-07,131.51934860101002
2021-06-08,0.0
2021-06-09,0.0
2021-06-10,0.0
2021-06-11,0.0
2021-06-14,0.0
2021-06-15,0.0
2021-06-16,0.0
2021-06-17,-4.999993077149402
2021-06-18,-261.2547220125192
2021-06-21,139.15812469797646
2021-06-22,0.0
2021-06-23,0.0
2021-06-24,0.0
2021-06-25,-9.999946132090958
2021-06-28,34.401088637380525
2021-06-29,-184.0981582237342
2021-06-30,-104.88283128002428
2021-07-01,-57.86397819747179
2021-07-02,-236.44474601850033
2021-07-06,139.47448904482331
2021-07-07,-295.4274535441139
2021-07-08,198.7769716837622
2021-07-09,0.0
2021-07-12,-4.99975254383847
2021-07-13,67.27770809660684
2021-07-14,188.63938865221445
2021-07-15,-4.619621423123514
2021-07-16,31.67573294783824
2021-07-19,121.42857028340106
2021-07-20,-4.999708636800636
2021-07-21,-12.434329738741058
2021-07-22,63.699361473960785
2021-07-23,1.6624821986554923
2021-07-26,0.0
2021-07-27,0.0
2021-07-28,0.0
2021-07-29,0.0
2021-07-30,0.0
2021-08-02,0.0
2021-08-03,0.0
2021-08-04,0.0
2021-08-05,-9.999817880771602
2021-08-06,97.15424853746609
2021-08-09,0.0
2021-08-10,0.0
2021-08-11,0.0
2021-08-12,0.0
2021-08-13,0.0
2021-08-16,0.0
2021-08-17,-4.999583927051789
2021-08-18,139.04521554161525
2021-08-19,-4.999888511999113
2021-08-20,-275.9542138908763
2021-08-23,228.93913986911974
2021-08-24,0.0
2021-08-25,0.0
2021-08-26,0.0
2021-08-27,0.0
2021-08-30,0.0
2021-08-31,0.0
2021-09-01,0.0
2021-09-02,0.0
2021-09-03,0.0
2021-09-07,0.0
2021-09-08,-4.99994062869298
2021-09-09,-147.24159995118708
2021-09-10,-314.66340163710987
2021-09-13,128.74648150776557
2021-09-14,0.0
2021-09-15,0.0
2021-09-16,-4.999753980750996
2021-09-17,-136.09441657028344
2021-09-20,-252.83740687011763
2021-09-21,62.28868672022273
2021-09-22,385.09123157753515
2021-09-23,-4.999699758056495
2021-09-24,-166.663660141364
2021-09-27,257.1709697772625
2021-09-28,-54.055600574722796
2021-09-29,-56.92300751199831
2021-09-30,397.4566994922434
2021-10-01,-62.85761262480258
2021-10-04,-50.94959248499061
2021-10-05,16.972242087740803
2021-10-06,-9.999929539946592
2021-10-07,-25.617200595603098
2021-10-08,264.8754477810538
2021-10-11,-38.73225369418771
2021-10-12,-217.73301744497155
2021-10-13,-126.91937515500969
2021-10-14,-89.55498919465983
2021-10-15,-4.99881849214189
2021-10-18,87.05527294525862
2021-10-19,111.13999970733633
2021-10-20,-4.998167690351417
2021-10-21,-9.537996865902699
2021-10-22,155.43930384472483
2021-10-25,69.68534119293186
2021-10-26,0.0
2021-10-27,0.0
2021-10-28,0.0
2021-10-29,0.0
2021-11-01,-0.00018276283721209652
2021-11-02,0.002836174241621521
2021-11-03,0.0
2021-11-04,0.0
2021-11-05,0.0
2021-11-08,-4.999986565271543
2021-11-09,-12.978340281999152
2021-11-10,0.0
2021-11-11,0.0
2021-11-12,0.0
2021-11-15,0.0
2021-11-16,0.0
2021-11-17,-4.999822037500332
2021-11-18,-106.42539463911385
2021-11-19,108.03371449757148
2021-11-22,0.0
2021-11-23,0.0
2021-11-24,0.0
2021-11-26,-9.99997198881007
2021-11-29,265.0838889612995
2021-11-30,-234.1313845447149
2021-12-01,-45.902452376226215
2021-12-02,802.4937164106061
2021-12-03,-9.999866031412544
2021-12-06,-14.684125022924377
2021-12-07,250.7144908371319
2021-12-08,0.0
2021-12-09,0.0
2021-12-10,0.0
2021-12-13,-4.999985876622242
2021-12-14,-14.524423601742585
2021-12-15,-15.446270055490395
2021-12-16,182.0138197454655
2021-12-17,0.0
2021-12-20,0.0
2021-12-21,0.0
2021-12-22,-4.999972727302322
2021-12-23,-265.0997522323179
2021-12-27,-14.533285252626937
2021-12-28,92.4128381185037
2021-12-29,0.0
2021-12-30,0.0
2021-12-31,0.0
2022-01-03,0.0
2022-01-04,0.0
2022-01-05,-4.9999837716440725
2022-01-06,68.01584059839436
2022-01-07,-4.999801744271993
2022-01-10,-161.4873481900042
2022-01-11,693.1813452291134
2022-01-12,-3.261262961589773
2022-01-13,166.2117067530247
2022-01-14,-4.97543605983961
2022-01-18,215.15038927866263
2022-01-19,0.0
2022-01-20,0.0
2022-01-21,-4.999958063793534
2022-01-24,-489.9799765128189
2022-01-25,161.4260668822402
2022-01-26,-37.3962033831348
2022-01-27,75.49780084279139
2022-01-28,0.0
2022-01-31,-1.0641527420837517e-40
2022-02-01,-6.982333319357463e-40
2022-02-02,-4.99990592082502
2022-02-03,-138.2207308272146
2022-02-04,-218.84916856414011
2022-02-07,-103.29921928179047
2022-02-08,0.0
2022-02-09,-4.999984181529283
2022-02-10,114.48649082972055
2022-02-11,-4.999989746294486
2022-02-14,88.94605017095704
2022-02-15,-206.77913178391296
2022-02-16,398.6940864217473
2022-02-17,-7.752301904427928e-05
2022-02-18,-0.0025477799915825956
2022-02-22,-0.0015273982711823332
2022-02-23,-0.030434893585137145
2022-02-24,-5.008388186297009
2022-02-25,-57.936762798463704
2022-02-28,-268.41048096798005
2022-03-01,375.54557970042043
2022-03-02,-36.619465159637194
2022-03-03,0.0
2022-03-04,-5.008764936988927
2022-03-07,732.6432163135313
2022-03-08,0.4333117036296451
2022-03-09,0.0
2022-03-10,-5.530204790094034e-09
2022-03-11,-4.999989404588799
2022-03-14,84.21218124889096
2022-03-15,6.563411347811233e-10
2022-03-16,-4.999896826657694
2022-03-17,140.97618837158458
2022-03-18,-5.000590762554323
2022-03-21,58.73097768727857
2022-03-22,0.0
2022-03-23,-4.999726331975584
2022-03-24,-216.14647241905922
2022-03-25,-116.41901530483588
2022-03-28,178.38987592935797
2022-03-29,0.0
2022-03-30,0.0
2022-03-31,-4.999880295668418
2022-04-01,213.17078269321175
2022-04-04,0.0
2022-04-05,0.0
2022-04-06,0.0
2022-04-07,0.0
2022-04-08,-4.999763271382022
2022-04-11,-167.04207923803276
2022-04-12,793.778422764
2022-04-13,0.0
2022-04-14,0.0
2022-04-18,0.0
2022-04-19,-4.999996650877832
2022-04-20,-67.90018912660956
2022-04-21,-87.47878359097646
2022-04-22,198.82840056624508
2022-04-25,1.854265353165431e-06
2022-04-26,0.0
2022-04-27,0.0
2022-04-28,-4.999990724103974
2022-04-29,565.1061463171623
2022-05-02,-9.93234535171252
2022-05-03,-494.1748037917017
2022-05-04,-486.36032695800895
2022-05-05,647.8025347285379
2022-05-06,-322.8130320799562
2022-05-09,-405.6375509019633
2022-05-10,-423.42235792197573
2022-05-11,-132.64849041518025
2022-05-12,-2.5944652586674835
2022-05-13,-7.504898756396686e-22
2022-05-16,1.8733250970836516e-20
2022-05-17,0.0
2022-05-18,-4.996719962899026
2022-05-19,-26.475795989248724
2022-05-20,-181.38870551709314
2022-05-23,385.4186101801267
2022-05-24,-174.3204447197492
2022-05-25,-143.43979195069642
2022-05-26,240.22705387546353
2022-05-27,-547.9408817215711
2022-05-31,553.9004155678936
2022-06-01,114.33028012864038
2022-06-02,0.0
2022-06-03,0.0
2022-06-06,0.0
2022-06-07,0.0
2022-06-08,0.0
2022-06-09,0.0
2022-06-10,0.0
2022-06-13,-8.592888466553411
2022-06-14,344.9315048326031
2022-06-15,-365.1610975402713
2022-06-16,196.73993288703352
2022-06-17,154.62371217176346
2022-06-21,0.0
2022-06-22,0.0
2022-06-23,-1.522578576961068e-13
2022-06-24,7.255201211163838e-12
2022-06-27,0.0
2022-06-28,0.0
2022-06-29,0.0
2022-06-30,0.0
2022-07-01,0.0
2022-07-05,-4.999984047424715
2022-07-06,-10.173381121133747
2022-07-07,-72.73268998865002
2022-07-08,9.15038171829537
2022-07-11,-11.4740107612206
2022-07-12,0.0
2022-07-13,0.0
2022-07-14,-0.15256239936645552
2022-07-15,-2.307060112347357
2022-07-18,-31.88095144834105
2022-07-19,-2.642300226475654
2022-07-20,0.0
2022-07-21,-0.033702332320042
2022-07-22,0.17504492831735233
2022-07-25,0.0
2022-07-26,0.0
2022-07-27,0.0
2022-07-28,0.0
2022-07-29,0.0
2022-08-01,0.0
2022-08-02,0.0
2022-08-03,-2.5691142064661493e-08
2022-08-04,5.058003036145537e-06
2022-08-05,0.0
2022-08-08,0.0
2022-08-09,0.0
2022-08-10,0.0
2022-08-11,0.0
2022-08-12,0.0
2022-08-15,0.0
2022-08-16,0.0
2022-08-17,0.0
2022-08-18,0.0
2022-08-19,0.0
2022-08-22,-4.999966983268551
2022-08-23,107.07973322364306
2022-08-24,0.0
2022-08-25,0.0
2022-08-26,0.0
2022-08-29,0.0
2022-08-30,0.0
2022-08-31,0.0
2022-09-01,0.0
2022-09-02,0.0
2022-09-06,0.0
2022-09-07,0.0
2022-09-08,0.0
2022-09-09,0.0
2022-09-12,0.0
2022-09-13,-4.999773196046647
2022-09-14,-105.94832431707192
2022-09-15,-75.53089275097616
2022-09-16,-221.33312377338297
2022-09-19,-200.37713425384814
2022-09-20,-182.2963496600417
2022-09-21,377.2148058183261
2022-09-22,0.0
2022-09-23,-4.999882484260928
2022-09-26,546.6124721369521
2022-09-27,-212.97740341570702
2022-09-28,52.542758450465385
2022-09-29,2333.3629667403493
2022-09-30,-4.999981541429827
2022-10-03,-75.0124676422413
2022-10-04,6.627452757052146
2022-10-05,-4.999988748171672
2022-10-06,140.96611506513187
2022-10-07,24.068144461553047
2022-10-10,48.671369114492066
2022-10-11,-181.02615905903167
2022-10-12,-88.15182091728896
2022-10-13,-95.0831450977487
2022-10-14,-86.53483100378854
2022-10-17,0.0
2022-10-18,0.0
2022-10-19,0.0
2022-10-20,0.0
2022-10-21,0.0
2022-10-24,0.0
2022-10-25,-4.999987738853206
2022-10-26,-60.85494343469971
2022-10-27,-26.83203801490118
2022-10-28,-149.08611780035815
2022-10-31,128.81171492198195
2022-11-01,-211.07276347605207
2022-11-02,-118.46250509064626
2022-11-03,184.1674350702162
2022-11-04,0.0
2022-11-07,0.0
2022-11-08,0.0
2022-11-09,-4.9998135498593905
2022-11-10,467.0565351713092
2022-11-11,-553.3189305931619
2022-11-14,0.37419693433393264
2022-11-15,1.0009109685738082e-18
2022-11-16,0.0
2022-11-17,0.0
2022-11-18,0.0
2022-11-21,0.0
2022-11-22,0.0
2022-11-23,0.0
2022-11-25,0.0
2022-11-28,0.0
2022-11-29,0.0
2022-11-30,0.0
2022-12-01,0.0
2022-12-02,-4.99990269305372
2022-12-05,-278.35894562079415
2022-12-06,-114.88763451243373
2022-12-07,-266.71884317905136
2022-12-08,5.031328930707506
2022-12-09,-6.887825817451639e-43
2022-12-12,2.1150887025109743e-42
2022-12-13,-1.3859714965904028e-21
2022-12-14,4.1469960848094026e-20
2022-12-15,-4.999879135981432
2022-12-16,-162.74590382734078
2022-12-19,396.63865172537254
2022-12-20,0.0
2022-12-21,0.0
2022-12-22,0.0
2022-12-23,-6.543756813588811e-07
2022-12-27,-1.589236496556281e-05
2022-12-28,2.4742726022263184e-06
2022-12-29,0.0
2022-12-30,0.0
2023-01-03,0.0
2023-01-04,-2.573626026272767e-11
2023-01-05,8.660900022189766e-10
2023-01-06,-4.999859210165112
2023-01-09,-512.0839201063724
2023-01-10,2.8894125795289445
2023-01-11,-465.28003885386926
2023-01-12,-316.0337796948166
2023-01-13,23.16998489279125
2023-01-17,-154.09651753364304
2023-01-18,-352.59540186893344
2023-01-19,119.71195912733944
2023-01-20,67.29747157750116
2023-01-23,-4.9999915896411755
2023-01-24,-34.82547266205424
2023-01-25,111.68692063308545
2023-01-26,0.0
2023-01-27,0.0
2023-01-30,0.0
2023-01-31,0.0
2023-02-01,0.0
2023-02-02,-4.77924265316854
2023-02-03,321.8279063862232
2023-02-06,0.0
2023-02-07,0.0
2023-02-08,0.0
2023-02-09,-4.999982151907739
2023-02-10,-60.80654468663484
2023-02-13,132.00237394280316
2023-02-14,0.0
2023-02-15,0.0
2023-02-16,0.0
2023-02-17,0.0
2023-02-21,0.0
2023-02-22,0.0
2023-02-23,0.0
2023-02-24,0.0
2023-02-27,0.0
2023-02-28,0.0
2023-03-01,0.0
2023-03-02,0.0
2023-03-03,-4.999774872569788
2023-03-06,6.488182650169267
2023-03-07,37.75850436321426
2023-03-08,0.0
2023-03-09,0.0
2023-03-10,-4.999986358771331
2023-03-13,16.170632987346945
2023-03-14,361.83798681894194
2023-03-15,-31.469294272320095
2023-03-16,24.394499607895884
2023-03-17,-570.3581883494403
2023-03-20,305.028718594519
2023-03-21,-1.0635692930553845e-272
2023-03-22,9.924017507689647e-271
2023-03-23,0.0
2023-03-24,0.0
2023-03-27,-4.999966384402112
2023-03-28,19.61312996376199
2023-03-29,173.27341758771487
2023-03-30,0.0
2023-03-31,0.0
2023-04-03,-4.9986937186351135
2023-04-04,-99.172273896698
2023-04-05,-69.99582845284021
2023-04-06,-82.84698336107537
2023-04-10,-334.9830594384662
2023-04-11,-145.08761880119624
2023-04-12,26.655602027508827
2023-04-13,286.8622346452547
2023-04-14,0.0
2023-04-17,-7.316417900350831e-146
2023-04-18,-7.973052169351939e-145
2023-04-19,-1.517448833791333e-157
2023-04-20,1.527482975213478e-166
2023-04-21,0.0
2023-04-24,0.0
2023-04-25,-4.99998906248325
2023-04-26,-33.03849829389532
2023-04-27,0.0
2023-04-28,-4.999987504608878
2023-05-01,138.2808149737204
2023-05-02,-69.5608038781696
2023-05-03,-216.30093598007193
2023-05-04,-20.760926456999655
2023-05-05,81.18811069298026
2023-05-08,-1.1507185681907009e-250
2023-05-09,-1.6204046360019463e-250
2023-05-10,6.052148156134291e-252
2023-05-11,0.0
2023-05-12,-4.999989484865325
2023-05-15,93.76143423054934
2023-05-16,0.0
2023-05-17,0.0
2023-05-18,0.0
2023-05-19,0.0
2023-05-22,0.0
2023-05-23,0.0
2023-05-24,0.0
2023-05-25,-4.999803379515272
2023-05-26,-280.9401576715084
2023-05-30,-136.64344247778064
2023-05-31,-335.14321721809546
2023-06-01,-3658.474038641892
2023-06-02,103.3146149053863
2023-06-05,20.775205826988497
2023-06-06,0.0
2023-06-07,0.0
2023-06-08,0.0
2023-06-09,0.0
2023-06-12,0.0
2023-06-13,0.0
2023-06-14,-0.0960860028636045
2023-06-15,-0.10504980314935758
2023-06-16,0.33385375395583683
2023-06-20,0.0
2023-06-21,0.0
2023-06-22,0.0
2023-06-23,-2.2987794543004156e-06
2023-06-26,0.00031823700559347747
2023-06-27,0.0
2023-06-28,0.0
2023-06-29,0.0
2023-06-30,0.0
2023-07-03,0.0
2023-07-05,0.0
2023-07-06,0.0
2023-07-07,0.0
2023-07-10,-4.999972527187298
2023-07-11,35.74162805095805
2023-07-12,0.0
2023-07-13,-4.999979357505119
2023-07-14,69.99593484083967
2023-07-17,12.7162346585042
2023-07-18,296.5701980800307
2023-07-19,0.0
2023-07-20,-4.999945957389288
2023-07-21,100.37618287353607
2023-07-24,0.0
2023-07-25,0.0
2023-07-26,0.0
2023-07-27,-0.0754220203719405
2023-07-28,-0.3921339747420514
2023-07-31,0.0
2023-08-01,0.0
2023-08-02,0.0
2023-08-03,-0.005804015523587999
2023-08-04,0.105698749481431
2023-08-07,3.303597012469453e-70
2023-08-08,0.0
2023-08-09,0.0
2023-08-10,0.0
2023-08-11,0.0
2023-08-14,0.0
2023-08-15,0.0
2023-08-16,-4.999105853534598
2023-08-17,90.17839855430078
2023-08-18,-60.7446551326443
2023-08-21,60.834125889388254
2023-08-22,0.0
2023-08-23,0.0
2023-08-24,0.0
2023-08-25,0.0
2023-08-28,0.0
2023-08-29,0.0
2023-08-30,0.0
2023-08-31,0.0
2023-09-01,-1.6706792149855767e-17
2023-09-05,-1.593031743585799e-15
2023-09-06,-6.344436626510591e-25
2023-09-07,-4.999980993652316
2023-09-08,-2.736036331094138
2023-09-11,-1.3719833308723688e-153
2023-09-12,-3.8385419616023596e-148
2023-09-13,-1.4273305009649799e-146
2023-09-14,1.7492954815576334e-148
2023-09-15,0.0
2023-09-18,0.0
2023-09-19,0.0
2023-09-20,0.0
2023-09-21,-9.152826884041408e-50
2023-09-22,-2.3813139278821476
2023-09-25,129.56904875535923
2023-09-26,-0.6676616123116421
2023-09-27,-12.840355327278205
2023-09-28,113.410711039692
2023-09-29,-3.3615461981539763e-224
2023-10-02,-1.5862975138406968e-220
2023-10-03,-0.00024047937618466741
2023-10-04,-0.007376830050851495
2023-10-05,0.0012581220662812624
2023-10-06,-4.99738750850677
2023-10-09,64.44194896705305
2023-10-10,-1.903687627109949e-05
2023-10-11,0.0014279866529786423
2023-10-12,0.0
2023-10-13,-4.999956635335151
2023-10-16,-230.754560177778
2023-10-17,304.22137252725827
2023-10-18,-47.701636763851226
2023-10-19,182.57839947474352
2023-10-20,-51.19474863770453
2023-10-23,86.32980999308967
2023-10-24,-4.999986786241786
2023-10-25,-83.23833187342444
2023-10-26,37.798538003945474
2023-10-27,0.0
2023-10-30,0.0
2023-10-31,0.0
2023-11-01,-1.4661473156745044e-24
2023-11-02,9.702835945161744e-23
2023-11-03,0.0
2023-11-06,0.0
2023-11-07,0.0
2023-11-08,0.0
2023-11-09,0.0
2023-11-10,0.0
2023-11-13,0.0
2023-11-14,0.0
2023-11-15,0.0
2023-11-16,-6.580935560287815e-17
2023-11-17,-3.305125901290418e-15
2023-11-20,8.692615675238148e-14
2023-11-21,0.0
2023-11-22,0.0
2023-11-24,0.0
2023-11-27,0.0
2023-11-28,0.0
2023-11-29,-4.076526362061272e-17
2023-11-30,-1.3743561465927528e-15
2023-12-01,-4.8633831787817427e-14
2023-12-04,2.9571142786476155e-13
2023-12-05,0.0
2023-12-06,0.0
2023-12-07,0.0
2023-12-08,0.0
2023-12-11,0.0
2023-12-12,0.0
2023-12-13,-4.999983805399858
2023-12-14,-91.47197603568726
2023-12-15,43.843465179601125
2023-12-18,-0.16210472055315475
2023-12-19,9.530216465468072e-06
2023-12-20,0.0
2023-12-21,0.0
2023-12-22,0.0
2023-12-26,0.0
2023-12-27,0.0
2023-12-28,0.0
2023-12-29,0.0
2024-01-02,0.0
2024-01-03,-8.624418877382838e-23
2024-01-04,7.97530572408721e-21
2024-01-05,0.0
2024-01-08,0.0
2024-01-09,-4.9999577735762175
2024-01-10,156.32360493510257
2024-01-11,0.0
2024-01-12,-0.000508003504206
2024-01-16,-0.027134824408030465
2024-01-17,-4.3217002307097326e-05
2024-01-18,-4.199110806421323e-07
2024-01-19,-7.046673751689285e-10
2024-01-22,0.0
2024-01-23,-4.999977589291322
2024-01-24,-124.67586690350245
2024-01-25,38.01349264835479
2024-01-26,11.520337684286318
2024-01-29,50.32933205820969
2024-01-30,0.0
2024-01-31,0.0
2024-02-01,-4.999944787573603
2024-02-02,-11.421659843332028
2024-02-05,0.0
2024-02-06,-6.409899301773011e-07
2024-02-07,-1.5810278553182994e-05
2024-02-08,-4.999980028348047
2024-02-09,54.07561426897637
2024-02-12,-81.08921003244541
2024-02-13,-14.181521824291274
2024-02-14,1.0150469573756229e-10
2024-02-15,0.0
2024-02-16,-6.648491205643729e-05
2024-02-20,-0.001527352795517189
2024-02-21,0.0008957916839342679
2024-02-22,0.0037695555258367808
2024-02-23,0.0
2024-02-26,0.0
2024-02-27,0.0
2024-02-28,-4.999987908059737
2024-02-29,-151.94082641596648
2024-03-01,45.386968981433206
2024-03-04,-154.73201602853732
2024-03-05,-79.35562651617869
2024-03-06,45.76762690782728
2024-03-07,-7.366119523758332
2024-03-08,-5.0001352718500645
2024-03-11,-170.09296884945508
2024-03-12,54.298186791196635
2024-03-13,0.0
2024-03-14,0.0
2024-03-15,0.0
2024-03-18,0.0
2024-03-19,0.0
2024-03-20,0.0
2024-03-21,-2.4123432499669917e-308
2024-03-22,5.419224182764976e-307
2024-03-25,-4.999989504264807
2024-03-26,-128.67801590804297
2024-03-27,229.21987934593906
2024-03-28,0.0
2024-04-01,0.0
2024-04-02,0.0
2024-04-03,0.0
2024-04-04,0.0
2024-04-05,0.0
2024-04-08,0.0
2024-04-09,-0.0032793187722485
2024-04-10,0.2193896190791449
2024-04-11,0.0
2024-04-12,0.0
2024-04-15,0.0
2024-04-16,0.0
2024-04-17,0.0
2024-04-18,0.0
2024-04-19,0.0
2024-04-22,0.0
2024-04-23,-4.999988572685068
2024-04-24,-44.00638231265616
2024-04-25,0.0
2024-04-26,0.0
2024-04-29,0.0
2024-04-30,0.0
2024-05-01,0.0
2024-05-02,0.0
2024-05-03,0.0
2024-05-06,0.0
2024-05-07,0.0
2024-05-08,0.0
2024-05-09,-3.883224070928066
2024-05-10,50.35419923007337
2024-05-13,-1.1131706591641758e-05
2024-05-14,-2.0203068188944087e-08
2024-05-15,1.9099676213864626e-09
2024-05-16,0.0
2024-05-17,0.0
2024-05-20,0.0
2024-05-21,0.0
2024-05-22,0.0
2024-05-23,-4.11615783590752
2024-05-24,-140.84680594311914
2024-05-28,-23.926743854101943
2024-05-29,5.316267471797744
2024-05-30,-55.786382977967556
2024-05-31,-111.30473994508206
2024-06-03,-29.671874227506848
2024-06-04,-112.77315877903081
2024-06-05,-3.939755772569396
2024-06-06,-41.0178555063814
2024-06-07,23.020673797832234
2024-06-10,-42.24589415732967
2024-06-11,-9.079477480770406
2024-06-12,77.35030121148769
2024-06-13,0.0
2024-06-14,0.0
2024-06-17,0.0
2024-06-18,0.0
2024-06-20,0.0
2024-06-21,0.0
2024-06-24,0.0
2024-06-25,0.0
2024-06-26,0.0
2024-06-27,0.0
2024-06-28,0.0
2024-07-01,0.0
2024-07-02,0.0
2024-07-03,0.0
2024-07-05,0.0
2024-07-08,0.0
2024-07-09,0.0
2024-07-10,0.0
2024-07-11,-6.863252826998575e-42
2024-07-12,-5.71839129583262e-40
2024-07-15,6.115404599407297e-38
2024-07-16,0.0
2024-07-17,-4.9999874527450725
2024-07-18,-11.744655431871475
2024-07-19,28.550448247331936
2024-07-22,0.0
2024-07-23,0.0
2024-07-24,0.0
2024-07-25,0.0
2024-07-26,0.0
2024-07-29,0.0
2024-07-30,0.0
2024-07-31,0.0
2024-08-01,0.0
2024-08-02,-4.999989722579461
2024-08-05,-272.1541709745291
2024-08-06,139.90508118007293
2024-08-07,0.0
2024-08-08,0.0
2024-08-09,0.0
2024-08-12,0.0
2024-08-13,0.0
2024-08-14,-2.629180323898418e-32
2024-08-15,1.9398535434170555e-30
2024-08-16,0.0
2024-08-19,0.0
2024-08-20,0.0
2024-08-21,0.0
2024-08-22,0.0
2024-08-23,0.0
2024-08-26,0.0
2024-08-27,0.0
2024-08-28,0.0
2024-08-29,0.0
2024-08-30,0.0
2024-09-03,-4.999987574025889
2024-09-04,-78.59207754458653
2024-09-05,-204.98852206989133
2024-09-06,1.230980495887703
2024-09-09,-2.856467351249316e-51
2024-09-10,-5.098594990041134e-50
2024-09-11,-9.541610115178504e-51
2024-09-12,2.502631313836769e-50
2024-09-13,0.0
2024-09-16,0.0
2024-09-17,0.0
2024-09-18,-4.184571601648201
2024-09-19,-299.7233404657765
2024-09-20,-152.1004932696402
2024-09-23,-14.106983643904268
2024-09-24,51.744069886588065
2024-09-25,0.0
2024-09-26,0.0
2024-09-27,-7.313405236791261e-23
2024-09-30,1.0925454282771606e-21
2024-10-01,0.0
2024-10-02,-0.00012557214572517394
2024-10-03,0.0014435589641516751
2024-10-04,-2.1772803138298038e-05
2024-10-07,0.00010410570706855416
2024-10-08,0.0
2024-10-09,0.0
2024-10-10,0.0
2024-10-11,0.0
2024-10-14,0.0
2024-10-15,-1.4356158685069072e-05
2024-10-16,-5.000251591078135
2024-10-17,276.1987689661265
2024-10-18,0.012501509578799036
2024-10-21,0.0
2024-10-22,0.0
2024-10-23,0.0
2024-10-24,0.0
2024-10-25,0.0
2024-10-28,0.0
2024-10-29,0.0
2024-10-30,0.0
2024-10-31,0.0
2024-11-01,0.0
2024-11-04,0.0
2024-11-05,0.0
2024-11-06,-4.997035107433359
2024-11-07,255.19791479857395
2024-11-08,0.0
2024-11-11,-4.999372665383598
2024-11-12,-157.81486067494117
2024-11-13,-61.33154846712169
2024-11-14,-254.2519158593502
2024-11-15,48.08432990460782
2024-11-18,-25.052624903797888
2024-11-19,-149.24685896183024
2024-11-20,-29.311437912916915
2024-11-21,-4.996610926900605
2024-11-22,-70.95461330334471
2024-11-25,-387.08962586416845
2024-11-26,-180.27763340239454
2024-11-27,-98.58526302202019
2024-11-29,127.13406630558595
2024-12-02,0.0
2024-12-03,0.0
2024-12-04,-2.8220734175842986e-11
2024-12-05,4.754035196945795e-10
2024-12-06,0.0
2024-12-09,0.0
2024-12-10,0.0
2024-12-11,0.0
2024-12-12,0.0
2024-12-13,-4.9992432818060974
2024-12-16,-240.1421556581739
2024-12-17,-53.366986278314954
2024-12-18,49.0055908067842
2024-12-19,-143.03472524424805
2024-12-20,-101.10352854348022
2024-12-23,56.746414761064585
2024-12-24,0.0
2024-12-26,-4.983695339824866
2024-12-27,-285.93922383049676
2024-12-30,-26.61981007226706
